id,Target
81531,0
17063,0
8708,0
76385,0
958,0
26320,0
48656,1
89623,0
13598,0
12239,0
25405,1
98370,0
33798,0
46826,0
58011,0
13286,0
62955,0
64625,0
41688,1
72106,0
6595,0
10214,0
52381,0
89962,0
83456,0
11656,0
60676,1
36126,0
2492,0
85211,0
58150,0
71410,0
71474,0
49126,0
79404,0
88494,0
28464,0
1085,0
2381,0
47669,0
79466,0
88670,1
44097,0
26829,0
75440,1
13796,1
72781,1
38778,0
46351,0
49827,0
25928,0
9264,0
12419,0
5124,0
82610,1
90446,0
32397,0
46937,1
59090,0
34496,0
73087,0
34717,0
95767,0
51409,0
58343,0
55523,0
3524,1
36422,0
96210,0
4907,0
261,0
93855,0
62864,0
820,1
64391,0
14107,0
94954,0
86269,0
66674,0
48379,0
96388,0
86716,1
41288,0
81961,1
38338,0
85676,0
79746,0
47742,0
60293,1
7920,0
95881,0
81503,0
77022,0
90518,0
77848,1
98790,0
90108,0
80513,0
70179,0
774,0
39945,1
93947,0
89014,0
14397,0
40717,1
54095,0
73194,0
87855,0
27354,0
6498,0
2348,1
83931,0
9301,0
96261,0
93220,0
25216,0
92886,0
64679,0
45078,0
54686,1
42923,0
97733,0
2371,0
32,0
24519,1
84054,0
95444,1
74067,0
60716,0
43469,1
35525,1
85723,0
91735,1
51445,0
36543,0
88301,0
41538,0
14545,0
83252,0
88050,0
67540,0
48467,0
47538,0
94750,0
23635,0
26716,0
47008,1
98302,0
21554,0
16505,0
85232,1
27468,0
33235,0
41091,0
37837,0
75220,0
42635,0
62603,0
42357,0
3743,0
28879,0
86881,0
88834,0
48276,0
49227,0
24462,0
25941,1
68049,0
13374,0
14956,0
62469,0
24506,0
57270,0
52160,0
32931,1
64671,1
91690,0
56562,0
38974,1
74705,0
47097,0
59439,1
55224,1
20727,0
77573,0
76068,0
69721,0
55413,0
75514,1
74686,0
81518,0
14638,0
45613,1
62489,0
6532,0
38922,0
80727,0
66679,0
48794,0
68149,0
98058,0
13079,1
77739,1
95637,0
38655,0
34917,0
14971,0
19861,0
9106,0
49960,0
24708,1
64540,0
66106,0
91644,0
66015,0
88888,0
84050,0
47378,0
7150,0
17358,0
46763,0
16705,0
21134,0
80252,0
9115,0
77572,0
49320,0
62316,0
23029,0
90226,1
52186,0
63152,0
19547,0
32950,0
9346,0
31317,0
83668,0
27125,0
3419,0
10915,0
61379,1
97167,0
23940,0
71585,0
43899,0
40281,1
15665,0
20457,0
83887,0
89051,0
33500,0
37577,0
72245,1
44328,1
75494,1
36305,0
55017,0
82248,1
97792,0
6727,0
50804,0
60428,1
62445,1
43201,1
61716,0
98322,0
5849,0
30917,0
21684,1
54487,1
57342,0
2096,0
22944,0
10493,1
35351,1
67778,0
57469,0
52157,1
95811,0
56410,0
84737,0
42108,0
18165,0
94958,0
43755,1
74049,0
69787,0
89849,0
55545,0
64789,1
40072,0
35672,0
64514,0
75044,0
91872,0
75635,0
53756,0
3686,0
70610,0
56582,0
12174,0
51610,0
57284,0
48706,0
29970,0
94424,0
27082,0
12666,1
37672,0
58288,0
30458,0
5021,0
88402,1
11075,1
99081,0
41857,0
41098,0
35586,0
66630,0
65496,0
26012,0
41260,0
87055,0
42941,1
25011,1
82061,0
30593,0
30195,0
68135,0
38423,0
51930,0
57300,0
5664,0
90425,0
95797,0
70059,0
51107,0
39656,0
30353,0
17847,0
368,0
22302,0
46819,0
66913,0
53100,0
7813,1
58082,1
32195,0
11236,0
22475,0
84525,0
98165,0
23812,0
43257,0
48988,0
49752,0
81577,0
93452,0
64949,0
20673,0
41374,0
9758,0
16185,0
65691,0
7878,0
73336,0
95144,0
25896,0
76812,0
9353,0
63073,0
66025,0
11420,0
26892,1
78369,0
12755,0
87478,0
34659,1
74357,0
5805,0
10482,0
2216,0
43223,0
1999,0
66870,0
74353,0
90306,1
68174,0
67970,1
13326,1
72261,0
10286,0
39416,1
8464,0
66863,0
29367,0
26643,1
4910,0
32403,1
1153,1
69619,1
12844,0
903,0
90486,0
29665,0
59277,0
96287,0
22793,0
41880,0
70568,0
57583,0
67103,0
95119,0
45338,0
76916,0
26815,0
5497,0
99247,0
3049,0
70798,0
12863,0
58751,0
31006,0
86762,0
64143,0
37739,0
79631,0
99304,1
13577,1
21960,0
32309,0
88984,0
97,0
34851,1
10293,0
27134,0
55420,1
32260,0
52356,0
40541,1
35051,0
36010,0
25418,0
47160,0
34282,0
15045,0
41017,0
99855,0
51378,0
46122,1
66232,0
8327,0
23916,1
62440,0
33230,1
29122,0
72048,0
83798,0
90256,0
76973,0
50446,0
89908,0
57352,0
18292,0
21158,0
48413,1
20521,0
18113,1
5238,0
22087,0
74569,0
58868,0
57800,0
92375,0
48489,0
38235,1
29432,0
99109,0
78324,0
27915,0
63586,0
19898,0
66142,0
21279,0
16630,0
71955,1
52315,0
31424,0
6118,0
54476,0
78707,0
20179,0
38375,0
32413,0
60052,0
32885,0
55750,0
94525,0
22454,1
44355,0
25996,0
89391,0
43432,1
14546,0
75813,0
49172,0
35846,0
96943,0
8751,1
44061,0
95019,0
64479,0
88061,1
13932,0
10964,0
22609,0
96462,0
31859,0
25177,1
36404,0
15392,0
32749,0
60974,1
16806,0
62827,0
36118,0
1988,0
79566,1
6326,0
14447,0
30235,0
91967,1
40395,0
76096,0
19415,0
30505,0
22738,0
67353,0
54744,0
66700,1
54746,0
528,1
9230,0
3043,1
42479,0
10952,0
89511,0
80286,0
29150,1
51485,0
84191,0
75638,0
29901,0
12027,0
95454,1
17315,0
727,0
66703,0
11298,0
74189,0
2552,0
78312,1
38163,0
55736,0
62373,0
95612,1
65761,0
11610,0
84971,0
64956,1
35491,0
18261,0
17546,0
854,0
25528,0
60376,0
56200,0
51646,0
53658,0
86649,0
73661,0
48418,0
2473,0
52839,0
96500,0
67632,0
7,0
52099,0
24677,0
78918,0
67687,0
1542,0
28620,1
56875,0
25771,0
43269,0
50962,0
93000,0
17840,0
12796,1
60206,0
90855,0
52092,0
56243,0
14953,0
31822,0
40277,1
15428,0
20494,1
91842,0
57474,1
98077,0
96207,0
1799,0
55274,0
24606,0
29025,0
90225,0
75590,1
15220,0
76172,0
17284,0
87122,0
32831,1
32953,0
22260,0
37767,0
69918,0
25515,1
68667,0
93185,0
73667,0
49915,0
74737,0
58532,1
6949,1
21750,0
70478,0
96692,0
21029,0
5759,0
12612,0
40294,0
94053,0
48547,0
8885,1
56584,0
53338,0
15755,0
41506,0
45877,0
4370,0
70601,0
58523,0
91993,0
99155,0
18736,0
44776,0
51578,0
55240,1
42154,1
78892,0
83892,1
2153,0
84185,0
97620,1
73941,0
31034,0
38976,0
43508,0
33939,0
71078,0
95515,0
43227,0
8687,0
61001,0
74728,0
59610,0
70264,0
79814,0
56238,1
69982,0
89724,0
28733,0
7771,1
90664,0
11545,0
97473,1
49748,0
6826,0
49306,0
34948,1
39460,0
16243,0
17936,0
7251,0
87758,0
11853,0
72178,0
14548,1
66416,0
33439,0
23426,1
3487,0
24216,0
2108,0
48604,0
32604,0
97636,0
65388,0
73106,0
44450,0
22965,1
71307,0
49884,0
1410,0
15496,0
42947,0
85890,0
78089,0
66797,1
20721,0
59326,1
45089,0
58194,0
63390,0
13781,0
96199,0
70410,0
57772,0
8806,0
92177,0
23397,0
40388,0
68756,0
34826,0
4238,0
6929,0
94467,1
97031,0
6298,0
39203,0
65154,0
69725,0
43021,0
30427,0
61728,0
92932,0
96989,1
14051,0
61971,0
53576,1
27355,1
85034,0
35950,0
5262,1
8792,0
24330,0
59902,0
58315,0
54038,0
65531,0
57071,1
85492,0
51744,1
48021,0
3517,0
33660,0
97311,0
2660,1
58528,0
8651,0
32271,0
4142,0
3543,0
41162,0
6230,0
36990,0
24190,1
5536,0
34561,0
23043,0
58779,0
22875,0
66665,0
53241,0
82757,0
76381,1
88592,0
58639,0
23101,0
10023,0
51156,0
36052,1
17381,0
77382,0
3964,0
13522,0
60767,1
27529,0
20722,0
86623,0
68402,0
20951,1
13664,0
30072,0
69798,0
95395,0
10686,1
25252,0
2093,0
28803,0
96386,0
96786,0
25948,0
94660,0
64891,0
42452,0
85585,0
33676,0
1244,1
41930,0
15270,0
87194,0
22524,0
24202,1
97798,0
68426,1
90699,0
19248,0
23638,0
92937,0
17806,0
10267,0
19994,0
98468,0
37081,0
97605,0
39999,0
25400,0
84206,0
91558,0
48887,0
45707,0
58884,0
4240,0
15157,0
66128,0
27709,1
11758,0
80724,0
43450,0
50541,0
87192,0
87826,1
29608,1
39298,1
53628,0
25476,0
41490,0
2623,1
76153,0
48060,0
88783,0
13354,0
53865,1
57231,1
7729,0
19585,0
70840,0
21749,1
10734,0
34986,0
41044,0
57552,0
33037,0
69008,0
60129,1
30393,0
44506,0
20020,0
15996,0
44086,0
3554,0
27961,0
85954,0
35758,0
20056,0
80806,0
7171,0
32877,0
14573,0
92764,0
15090,0
72551,0
90449,0
11004,1
11593,0
72990,0
13331,0
44491,1
54715,0
52106,0
13117,0
74755,0
81302,0
30025,0
95492,0
80569,0
40287,0
89562,0
63719,0
58640,0
96672,0
33393,0
5151,0
69570,0
11157,0
60591,0
95210,0
16205,1
9340,0
7610,0
73121,0
31719,1
86506,0
65265,0
75630,0
39270,0
35766,0
67852,0
4436,0
93666,0
78741,0
33949,1
31304,0
37870,0
33278,0
69399,0
68299,0
70795,1
11658,1
55942,0
106,0
50834,0
3242,0
4124,0
85373,0
49717,0
45928,0
75781,0
15718,0
74541,0
84028,0
33690,0
92663,0
46531,1
98819,1
75126,0
38741,1
50714,1
67640,0
61419,1
648,0
9095,0
90140,1
27289,0
15005,0
8495,0
10680,0
12232,0
60926,0
50601,1
70123,0
12887,0
11871,0
37757,0
38018,0
14334,0
99059,0
25595,0
63975,0
29843,0
47492,0
31605,0
81976,0
81593,0
83232,0
69043,0
43367,0
76563,0
63483,1
28064,1
15616,0
48815,0
65856,0
89530,0
46301,0
21477,0
43278,0
96708,0
31593,0
69346,0
14726,1
22564,1
28134,0
88394,0
33049,0
91634,0
83675,1
38740,0
75889,0
52449,0
5299,0
34900,0
28104,0
86864,0
83861,0
31267,0
40304,0
81374,0
54007,0
46217,0
57868,0
76842,0
40155,0
8789,0
63545,1
24508,0
15533,0
63882,0
31971,0
76130,0
8215,0
70389,0
91909,0
4026,0
69976,1
57161,0
27743,0
11774,0
66098,0
12568,0
54982,0
85514,0
77769,0
72806,0
78335,0
86116,0
41183,1
19494,0
51473,0
42047,1
23642,0
6160,1
29117,0
63003,0
58578,0
88306,0
96794,0
62042,0
56301,0
3202,0
46297,0
6477,0
37858,1
55043,0
45936,0
14964,0
85005,0
84695,0
48686,0
42435,0
22240,0
79840,0
5551,0
55547,0
80085,0
47636,0
48874,0
7113,1
68259,0
36406,0
873,0
99498,1
60506,0
2842,1
45532,0
85644,0
29126,0
63011,1
49784,0
7655,0
3516,0
21255,1
36375,0
1492,0
90897,0
27787,0
16252,1
858,0
23330,0
11936,0
90482,1
37269,0
3550,1
16278,0
71700,0
62577,0
8692,0
36670,0
59218,0
66284,0
92692,0
43867,0
78273,0
63747,0
89888,0
68083,0
91003,0
65293,0
91574,0
30743,0
77633,0
47033,0
18597,0
93165,0
40594,0
76420,0
58972,1
89270,0
87517,0
71899,1
14627,0
49321,0
37443,0
34431,0
63836,0
59477,0
161,1
26759,0
27368,0
68883,0
38174,0
20569,0
91410,0
41213,0
5943,1
94350,0
98406,0
20461,0
47363,0
55150,0
71774,0
32203,1
94143,0
96616,0
80032,0
72641,0
37257,0
60629,0
68143,1
98440,0
65505,0
39556,1
84009,0
55115,0
77356,0
65443,0
46833,0
20428,0
77161,0
12293,0
14809,0
91320,0
29417,0
35821,0
66269,0
31500,0
80038,0
67054,0
97826,0
20547,0
57785,0
95563,0
51434,0
65609,0
89368,0
65925,0
57602,0
34364,0
12888,0
65012,0
95066,0
82848,0
91689,0
37264,0
8065,0
66010,1
87191,1
45624,0
77326,0
89501,0
26199,0
25381,0
41939,0
65058,0
82948,0
49649,1
87355,0
11725,0
13753,0
89168,0
85167,1
6889,0
28377,0
44745,0
42879,0
48810,1
89780,0
36750,0
24521,0
45404,0
71677,0
67604,1
1388,0
36487,0
76701,0
73854,0
48969,1
81036,0
16338,1
98718,0
85996,0
38386,0
50399,0
77812,0
1078,0
63234,0
43171,0
6605,0
30757,0
82347,0
30439,0
61829,0
7361,0
90069,0
78119,0
78899,0
97711,0
22977,1
89400,0
46465,1
30056,0
2183,0
26843,0
44852,1
54929,0
23032,0
6053,0
80328,0
9822,0
47699,0
6446,0
67374,0
33117,0
50049,0
97906,0
47723,0
80156,1
8858,0
78944,1
77461,0
42986,1
8979,0
71194,0
90144,0
43974,0
32933,0
40751,0
2218,0
54472,0
4683,0
25884,0
79273,0
88411,0
62143,1
99460,0
55038,0
62109,0
73590,0
25757,0
21339,0
87885,0
25208,0
79442,0
55501,0
11729,0
85846,0
79792,0
31753,0
6818,0
9307,0
19696,1
91745,0
23585,1
35431,0
96930,0
12511,0
94625,1
55121,0
45829,1
47244,0
1903,0
24579,1
695,0
25704,0
10993,0
54256,0
70479,0
58413,0
98942,0
91077,0
5850,0
56268,1
13575,0
69672,0
65541,0
32422,0
40251,1
47605,0
10722,0
96529,0
29136,0
49796,0
88303,0
90854,0
36897,0
19604,0
26622,0
98727,0
23232,0
55433,0
34485,0
67770,0
18481,1
70175,0
72518,1
86158,0
6761,1
59430,0
2117,0
77323,0
92739,0
18163,0
4102,0
49113,0
58337,0
54677,0
23909,1
62875,0
19942,0
51999,0
4335,1
57219,1
31247,0
57357,0
38203,0
97182,0
50106,0
25679,0
64790,1
50212,0
5656,0
72062,0
49419,0
64231,0
51330,0
27436,0
97178,0
97799,0
20985,0
23720,0
66087,0
34609,0
10751,0
33857,0
92769,0
4614,0
18315,0
38595,0
20659,0
73381,0
60355,0
53767,0
3840,0
32040,0
83336,1
45742,0
74890,0
32836,0
4529,0
45348,0
60816,0
62176,0
15807,0
58891,0
68078,0
35493,0
52020,0
41900,0
70292,0
93690,0
45603,1
42509,0
8960,0
80477,0
37980,0
68233,1
91452,0
63993,0
48635,1
5895,0
85000,0
26976,0
86067,1
32980,0
72870,0
60398,0
64081,0
61818,0
127,0
78353,0
78044,1
63712,1
26351,0
45694,0
42165,0
68726,0
62774,0
21066,1
73177,0
14044,0
94760,0
27830,0
71715,0
18533,0
3671,0
99912,0
46821,0
57380,1
29647,0
33349,1
99196,1
91860,0
25211,1
88546,0
13418,1
21020,0
63708,0
25972,0
66618,0
49443,0
52702,0
1508,0
29336,0
1005,0
88880,0
77437,0
3604,1
71711,0
61341,0
22894,0
25158,0
63173,0
56438,0
30136,0
85518,0
15699,0
92890,0
82600,0
86285,1
5885,0
84675,0
29475,0
3103,0
95284,0
30926,0
58933,0
31751,1
8098,0
1425,0
6686,0
86349,0
62059,1
82357,0
15102,0
28603,0
54812,0
10103,0
13707,0
98351,0
65014,0
49510,0
65740,0
96490,0
99637,1
10275,0
67678,0
83462,0
82854,0
97614,1
10186,1
98644,0
76326,0
80554,0
37794,0
10725,0
12831,0
12248,0
56649,0
47011,0
27916,0
88415,0
59513,1
86553,0
11703,1
82929,1
97684,0
53148,0
95148,1
55719,0
71283,1
53489,0
45029,0
93703,0
81034,0
55498,0
63749,1
71432,0
4839,0
58666,0
35744,1
40265,0
30069,1
75337,0
62650,0
20892,0
30372,0
44947,0
87632,0
22876,0
10192,0
79357,0
88471,0
84186,0
74420,0
96061,0
69771,1
94098,0
70402,0
16235,0
98242,1
32589,0
67700,0
10200,0
70269,0
76005,0
70948,1
16049,0
64576,0
35925,0
21736,0
51761,0
32442,0
51528,0
29587,0
13360,0
76630,0
34272,0
35178,0
91258,0
50011,0
79795,0
35194,0
3567,1
96675,0
93284,0
37657,0
86530,0
94044,0
76574,0
9680,0
35891,0
5510,0
50972,0
70383,0
91954,0
77751,0
74381,0
92262,0
59211,0
68856,0
88934,0
36164,0
93582,0
88444,0
74714,0
78603,0
42294,0
92506,0
17801,0
90093,0
91376,0
62712,0
26488,0
77103,0
22992,0
2873,1
66468,0
94940,0
65950,0
12554,0
88268,0
7555,0
84907,0
45759,0
56934,0
2624,0
48536,0
40477,1
4355,0
50474,0
55469,1
5163,0
81705,0
62265,0
9693,0
11271,0
97945,0
47101,0
30903,0
72926,0
9792,1
59926,1
36495,1
1314,0
55187,0
78135,0
30560,0
686,0
58014,0
11361,0
31937,0
64495,1
51443,1
66743,0
31929,0
2728,1
99676,0
62982,0
85750,0
13939,0
73100,1
58377,0
15350,1
99249,0
65763,1
11266,0
85917,1
10322,0
5904,0
6365,0
73843,0
95543,0
33027,1
7987,0
92318,0
97849,0
34741,0
37599,0
43138,0
34648,1
89514,0
1788,0
79678,0
94001,0
60668,0
70998,0
97326,0
72421,0
69628,0
52447,0
36438,0
58616,0
22810,0
2507,0
18780,0
47645,0
36866,0
75718,0
85166,1
40399,0
23985,0
44276,0
47755,0
55270,1
95348,0
47779,1
88263,0
74531,0
69620,0
73305,0
43710,0
12262,1
98059,0
87129,0
17711,0
58621,0
8313,1
72712,0
19349,0
78200,0
26470,1
51901,0
55184,0
63383,0
26206,0
29112,0
44028,0
97584,1
45316,0
82843,0
34286,0
30697,0
62515,0
24992,0
39899,0
29372,0
90540,1
70981,0
92768,1
22990,0
63281,0
53876,0
8986,0
87617,1
97426,0
25553,0
66017,1
93594,0
73712,0
77712,0
87288,0
5229,1
1813,0
92403,0
74079,0
26694,0
31935,1
36395,0
12615,0
27658,0
3829,0
31336,0
1604,0
94604,0
20479,0
96615,0
19382,0
58659,0
6131,0
95074,0
77875,0
86504,0
408,0
81117,0
25277,0
36482,0
39137,0
3924,1
95039,0
65831,0
93643,0
9012,1
41695,0
1477,0
70883,1
73378,0
79503,0
82426,0
89785,0
8356,1
50104,0
458,0
97036,0
54876,0
56889,0
96550,0
61580,0
30880,1
80535,0
56144,0
23360,0
28544,0
91682,0
22420,1
41383,1
16995,0
19068,0
20452,1
50795,0
2501,0
41805,0
81171,0
52102,0
81152,0
1572,0
44520,0
38009,0
68249,0
81847,0
43514,0
53639,0
92535,0
74330,0
94890,1
25293,0
32531,0
64338,0
97837,0
29826,0
22600,0
41669,0
39320,0
72140,0
9736,0
13811,0
60261,0
30266,0
75687,0
77654,0
78820,0
22319,0
2365,0
28391,0
78538,1
51822,0
56347,0
74,0
33577,0
14679,0
13693,0
96377,0
83255,0
22482,0
67366,0
22534,0
27780,0
53109,0
63287,0
43496,0
75005,0
85690,0
98961,0
61657,0
23417,0
88612,1
43355,0
64890,0
25738,0
85343,0
78249,0
87668,0
14904,1
84196,0
4486,0
14770,0
23178,1
39030,0
54973,0
55506,0
17418,0
22356,0
58211,1
20377,0
95314,0
89871,0
99589,0
23494,0
38885,1
28716,0
65332,0
80929,0
68989,0
38957,0
92962,1
14882,0
51848,0
39198,0
29093,0
39057,1
84298,0
29856,1
14113,0
5284,0
31252,0
78109,0
23922,0
91821,1
98661,0
83585,0
48004,0
65364,0
7482,1
3434,0
3901,0
35141,1
43041,0
71559,0
17701,0
9018,0
11022,1
11336,0
62838,0
55359,1
14557,1
41439,0
14977,1
66578,0
33612,0
76759,0
13801,1
61290,0
55666,0
34180,0
4523,0
66117,0
8318,0
4169,0
53253,0
62907,1
17770,0
94372,0
29239,0
54106,0
13480,0
52974,0
25053,0
51018,0
10430,0
2792,0
54420,1
45359,0
5030,0
13008,1
4455,0
60906,0
71767,0
55766,0
90892,1
99839,0
20072,0
57365,0
77612,0
11832,0
269,0
71519,0
65129,0
52600,0
19191,0
62995,1
42364,0
96479,1
57476,0
73715,0
7900,0
25335,0
9727,0
70038,0
70780,1
41765,0
74398,0
54563,0
87897,1
8582,0
73520,0
75496,0
46006,0
85863,0
56394,0
86099,0
78872,0
36939,0
66160,0
30421,0
28254,0
50788,0
69221,0
35689,0
62901,0
58223,1
80821,1
84154,0
6916,0
49585,0
34938,0
4997,0
22582,0
64945,0
58932,0
84807,0
59126,0
9069,0
64626,0
91845,0
48485,0
15038,0
77359,0
11734,0
83391,0
45566,0
74271,0
51464,1
45600,0
67840,0
96918,0
5960,0
27805,0
47416,0
93808,0
64554,0
36089,0
60390,0
83927,0
43781,0
27230,0
81782,0
85974,0
66951,0
78237,0
40592,0
95137,0
13839,0
73084,0
83100,0
23247,0
2053,1
93049,0
8614,0
15943,0
84097,0
25469,0
8298,0
36590,0
66848,0
20284,0
13613,0
16826,0
2208,1
2516,0
66359,0
40002,0
61176,0
91075,0
33896,1
44957,0
11604,0
98746,0
11842,0
94307,0
58307,0
20649,1
57311,1
19663,0
44872,0
6919,1
16495,0
64441,0
81922,0
369,0
97954,0
84017,0
552,0
80457,0
92232,0
70799,0
88745,0
62251,1
52857,0
51072,0
75797,0
95733,0
12284,0
70539,0
84135,0
58331,1
75770,0
83253,0
85424,0
38623,1
30115,0
41460,0
25793,0
82673,0
13306,0
86549,0
28551,0
61990,1
60566,0
90621,0
10972,1
42763,0
56296,0
75836,0
40999,0
98285,1
41876,0
97335,0
49653,0
90879,1
42948,0
61068,0
79660,0
89474,0
32383,0
55655,0
10780,0
75953,0
92136,1
86550,0
15506,0
37024,1
63199,1
14228,1
52695,0
15354,0
39351,1
67056,0
23876,0
13201,1
60193,0
31300,1
70004,0
37331,0
26800,0
68884,0
47934,0
62374,0
96279,0
87134,0
39439,0
58756,0
41154,1
20869,0
40972,0
15219,1
50680,0
320,0
15238,0
42637,1
84033,0
22545,0
16736,0
16782,0
19619,0
91173,0
88927,0
6842,0
73494,0
37626,0
62534,0
63514,0
1337,0
63229,0
86185,0
33048,0
39856,1
58284,0
9920,1
2989,1
2455,0
52170,0
84359,0
31266,1
21469,0
29119,1
71098,0
61642,0
78453,0
4433,0
36230,0
18885,0
84875,0
77858,0
35779,0
82131,0
39537,0
67223,0
48277,0
74355,0
10798,0
90302,0
65672,0
43173,0
31644,0
36772,0
67553,0
74966,0
46613,0
75575,0
18912,0
33209,1
95607,1
89032,0
64809,0
98502,0
15604,0
1541,1
3817,1
99243,0
39950,0
93644,0
68947,1
93660,0
28214,1
56115,0
11517,0
3792,0
50062,0
96870,1
53325,0
93779,0
76606,0
64801,0
55252,0
43878,0
41684,0
83209,0
32869,0
15333,0
81082,0
33405,0
60286,0
6931,1
96590,0
10272,0
86291,0
49066,0
15449,0
46571,0
84133,1
94562,0
1603,1
79397,0
65659,0
67658,0
33974,0
45785,0
50975,0
49484,0
10815,1
98360,0
80903,1
31068,0
75952,0
9703,0
41537,0
37008,0
14408,0
41533,0
17864,0
75395,0
87170,0
23241,0
71898,0
7467,0
62658,0
43704,0
64650,0
99670,0
18632,0
65186,0
95734,0
88653,0
58731,1
63607,1
31422,0
47547,0
38154,1
18324,1
22936,0
7178,0
66090,0
928,1
1297,0
25579,0
91944,0
23050,0
79766,0
69164,0
8435,0
45295,0
76766,0
69519,0
69201,0
32585,0
70125,0
59982,0
21031,0
11568,0
66859,0
65957,0
15703,0
16200,0
6928,0
33223,1
64213,0
89575,0
69805,1
45175,0
86336,0
32009,0
13893,0
17792,0
88686,1
22743,0
23159,1
66980,0
43148,0
28508,0
64507,0
24906,1
25192,0
1103,0
4925,0
2687,1
84303,1
35785,1
29664,0
64903,1
15425,0
81845,0
26404,0
90182,0
87719,1
17188,0
3910,0
24714,0
51516,0
17426,1
34308,1
27116,0
98060,0
80566,0
47389,1
20574,0
90036,0
3129,0
91673,0
24087,0
46608,0
64045,0
4179,0
34411,0
5710,0
3729,0
62013,0
26782,0
32425,0
37830,1
9048,0
96418,0
68710,0
12602,0
4504,0
48585,0
90212,0
47180,1
45499,0
64057,0
58252,0
29349,0
57257,0
32743,0
11310,0
65472,0
15208,0
31381,1
14211,0
60991,0
14797,0
74742,0
36467,1
3271,1
85397,0
1294,0
1841,1
71991,0
55026,0
77524,0
38611,0
7999,0
57315,0
13517,0
56160,1
30287,1
14147,0
53005,1
77951,0
5558,0
74077,0
39552,0
53695,0
30424,0
76539,0
28589,0
86201,0
93343,0
76239,1
44628,0
23382,0
16246,0
6510,0
28191,0
19677,0
75298,0
25165,0
49191,0
97814,0
31503,0
81500,0
40431,0
75221,0
11712,0
64124,1
83062,0
23680,1
8431,0
58285,0
1072,1
12057,0
27194,0
74695,0
45942,1
82861,0
4330,0
58455,0
51364,1
74612,0
80313,1
83746,0
37348,0
83419,0
18386,1
3629,1
5084,1
9244,0
83202,0
71595,1
4875,0
89435,0
16408,0
67938,0
32099,0
39860,0
86019,0
7656,0
77383,0
35377,0
3276,0
37047,0
5504,1
12866,1
44243,0
70967,1
35084,0
85224,0
38042,0
3110,0
54029,1
28711,0
47288,0
39293,0
66906,1
24995,0
49652,0
25337,0
16582,0
37793,0
88942,1
33529,0
57229,0
77411,1
37783,0
24182,1
7759,0
97481,0
10496,0
73639,0
72713,0
34324,0
118,0
60690,0
27582,0
66352,0
50141,0
82108,0
21361,0
92467,0
90682,0
3116,0
95251,1
53260,0
67357,0
25404,0
8131,0
69195,0
24509,0
63337,0
50848,0
33062,0
47488,0
52883,0
6939,0
12629,0
84018,0
24234,1
72786,0
57991,0
32926,0
74925,0
22618,0
4928,0
39311,0
37335,0
62080,0
86775,0
56254,0
17170,1
8943,0
31080,0
46145,0
17139,0
60607,0
25914,0
55403,1
63382,0
27208,0
21220,0
14415,1
96073,0
38614,1
30462,0
44147,0
35294,0
36425,0
18272,0
51778,1
46063,0
75649,0
11418,0
41247,0
39608,0
42917,0
72889,0
55855,1
59054,0
60029,0
29687,0
26523,0
1534,0
39773,0
16042,0
98501,0
58018,0
35633,1
6712,0
72651,0
48288,0
42735,0
15160,0
95707,0
30206,0
85388,1
73216,1
51640,0
64544,0
33212,1
84339,0
36392,1
25123,0
94764,0
73159,0
25278,0
46302,0
23741,0
60263,0
26410,0
97758,0
3595,0
55216,0
46846,0
59556,0
20887,0
55639,0
20735,0
70688,0
76663,0
19399,0
40116,1
1929,0
80501,0
73008,0
37152,0
69828,0
87151,0
81021,0
82930,0
36966,0
26866,0
79075,1
57933,0
41729,0
13954,0
86906,0
39786,1
27583,0
94173,1
60556,1
12460,0
64654,0
78948,0
20953,0
56837,1
66844,0
82778,0
21853,0
45561,0
96808,0
84020,0
13798,0
41821,0
41578,0
13023,0
72584,1
76559,0
86932,0
33043,0
33361,0
99173,0
40188,0
36339,0
17293,0
28345,0
44885,0
99371,0
31550,1
71850,0
84016,1
11150,0
48855,0
80803,0
34150,0
71485,0
86896,0
86115,0
48882,0
52164,0
58242,1
41940,0
29323,0
82194,0
46730,0
17874,0
56484,1
96858,0
96152,0
7858,1
70069,0
44714,0
20767,1
54244,1
52762,0
67991,0
22334,0
24159,0
84997,0
80712,1
10714,0
30376,0
45653,0
89742,0
63142,0
129,0
25486,0
98607,0
15713,0
70409,0
93734,1
9357,0
95045,0
45734,0
75366,0
525,0
90831,1
30663,0
17400,0
95866,0
32944,1
19956,0
50165,1
19513,0
14845,0
830,1
71635,0
7595,0
29514,0
95359,0
17704,0
19391,0
11340,0
43221,0
93173,0
9175,0
15877,0
78371,0
95097,0
22034,1
5993,0
73776,0
46639,0
20645,1
13115,0
91327,0
16913,0
74046,1
96611,0
54263,0
12076,0
16730,1
81956,1
82280,1
24226,0
40046,0
58486,0
2845,0
5976,0
73872,0
21436,0
74783,0
71321,0
93689,0
5862,0
69682,0
48042,0
8704,0
87243,0
32917,0
74839,0
42059,0
13983,0
67286,0
9607,0
48932,0
11038,0
63615,0
58140,0
34804,0
7604,0
76247,1
21425,1
8052,0
14405,0
14148,0
29267,0
33885,0
19521,1
25226,0
9653,0
87343,0
70679,0
8223,0
36442,0
68319,0
31009,1
58081,0
88713,0
6640,0
99215,0
11988,0
3851,0
8564,1
54730,0
61456,0
81911,0
19025,0
62761,0
72027,0
63983,1
33782,1
44442,0
99476,0
78289,0
83866,0
25540,1
96326,0
79965,0
96838,0
21694,0
7563,1
83602,0
38108,0
81639,0
50922,0
86214,0
34079,0
81010,0
42468,0
18457,0
56815,1
36246,0
57240,0
26821,1
29905,0
61472,0
49415,0
3703,0
22111,0
9218,0
87579,1
29056,0
52000,0
16464,0
88433,0
48730,0
42716,0
61540,0
45069,0
63048,0
10564,0
45791,0
29910,0
18520,1
33732,0
43226,0
50024,0
16881,1
47452,0
78750,0
24907,0
25415,0
98908,0
4511,0
13759,0
87884,0
51954,1
96322,0
12513,1
53248,0
70918,0
28535,0
45381,0
20388,0
58382,0
49239,0
12424,0
95838,0
23079,0
86463,0
93367,1
74036,0
8834,0
53686,0
54546,0
44691,0
32623,0
76840,1
18286,1
11547,0
76180,1
71703,0
46022,0
67361,0
29961,1
49987,0
5947,0
27308,0
60860,0
11401,0
20923,1
35537,0
83785,0
20145,0
9919,0
59656,0
3698,0
5894,0
87176,0
11807,0
74967,1
75837,0
94993,0
28079,0
55283,0
80012,0
82787,0
48754,0
7204,0
45072,0
494,0
29286,0
75463,1
10716,0
15251,0
38605,0
58270,1
96723,1
41713,0
87002,0
72513,0
65397,0
53661,0
87929,0
85801,0
61551,0
97360,0
18020,0
11431,0
80993,1
87462,0
73800,0
96354,0
67538,1
40060,0
69505,0
69277,0
59248,0
11413,0
72388,0
54518,1
85580,0
61368,0
75404,0
48712,1
10368,0
41646,0
47975,0
53643,0
69509,0
65673,0
58881,0
58577,0
84760,0
38539,0
79049,0
49421,0
89602,0
3694,0
297,0
43198,0
67067,0
99418,0
60811,0
13212,0
94223,0
49359,1
81859,0
11596,0
67601,0
73255,0
70588,0
51671,0
87161,0
20733,1
94093,1
97763,0
40837,0
78067,0
12252,0
77069,0
97096,1
60643,0
28978,0
8527,0
94557,1
6472,1
68767,0
11808,0
88530,0
97907,1
95744,1
6569,0
71175,0
74394,0
9599,0
59850,1
21769,1
34672,0
76510,0
88328,0
87172,0
83090,0
66852,0
73845,0
26879,1
48844,0
38845,0
75624,1
8383,1
1293,0
11108,0
21787,0
17626,0
14923,0
72566,0
49232,0
23698,0
27736,0
90926,0
42122,1
53979,0
73678,0
35565,0
95516,0
37072,1
73453,0
73330,0
4328,0
79581,1
60613,0
87221,0
18644,0
55383,0
48361,0
743,0
75106,0
97569,0
95,1
47678,1
77047,0
2342,0
10920,1
6663,0
28506,0
18773,0
53344,0
85484,0
82554,0
631,0
5652,1
10319,1
20335,0
13767,1
15340,0
45550,0
60706,0
51567,1
5354,0
33036,0
87436,0
75637,0
73993,1
64647,0
31290,0
18950,1
11446,0
25082,0
17725,0
16143,0
40639,0
32411,0
75117,0
45479,0
28545,0
37461,1
91810,0
37486,0
65101,0
89457,0
93793,0
8955,0
52361,0
30093,0
40616,0
81400,0
36029,1
67382,0
80837,0
93375,0
54840,0
76431,0
65864,0
57611,1
25785,0
97878,0
37556,0
76348,0
15412,0
6228,0
22556,0
58849,0
54290,0
31658,1
52433,0
86994,0
90428,0
7460,0
4989,0
34100,1
74360,0
27264,0
64399,0
56594,0
47813,0
2200,0
79553,1
87256,0
69085,0
75079,0
95842,0
61785,0
65720,1
59036,0
37328,0
51879,0
17567,0
79597,0
49608,0
8991,0
9594,0
96192,0
93827,0
92967,0
6256,0
52927,0
260,0
70988,0
94967,0
71871,0
70899,0
14931,0
1716,0
67849,0
46253,0
28327,0
19129,0
75409,1
32846,0
67393,0
39823,0
11374,0
69374,0
40515,0
68353,0
55786,1
63436,0
52904,0
54273,0
2680,1
57678,0
51068,0
13883,0
1036,1
48059,0
39381,0
94299,0
62543,0
36584,0
7293,0
42573,0
16400,0
9348,1
38786,0
56316,0
23816,0
20473,1
48007,1
87100,0
86701,0
63291,0
3496,1
44749,0
29324,1
97301,0
9493,1
33979,1
73310,0
55046,0
63124,0
29060,0
5234,0
85550,0
32803,0
18511,0
72423,0
45426,0
99826,0
33899,0
57359,1
29674,0
46270,0
31172,1
53257,0
21728,0
31410,0
51005,0
9077,1
55788,0
90696,0
83504,0
54285,0
76377,0
14786,0
95692,0
78929,0
31123,0
32555,0
70097,1
27634,0
33703,0
5024,0
85140,0
58607,0
7509,0
6406,0
99954,0
61417,1
31374,0
49182,0
60618,0
95688,0
77458,0
8005,0
69537,0
30010,0
45140,0
55657,0
47400,0
64141,0
80963,0
91834,0
61037,1
86677,1
50455,0
83884,0
8522,0
37304,0
82202,0
85153,0
65684,0
59651,0
91602,1
835,0
56163,0
8296,0
31231,0
2202,0
57261,0
33285,0
35482,0
61727,0
63222,0
22631,0
2266,0
50191,0
81888,0
82269,0
76092,1
52893,1
95367,0
96258,0
43120,0
50428,0
54953,0
53232,0
45397,1
25781,1
27434,0
44773,1
34612,0
33240,0
29163,0
45465,0
7136,0
86203,0
20611,0
55995,0
88505,0
9072,0
14478,1
77102,0
55625,1
17578,0
71598,0
6549,0
97802,0
5516,0
71079,0
69952,0
72422,0
14794,0
11327,0
13414,1
17136,0
52423,0
59016,0
90625,1
967,0
55392,0
14062,0
52359,1
24335,0
46680,0
82906,1
9551,0
41953,0
31645,0
34240,1
21875,1
694,0
10194,0
40254,0
46486,0
6216,0
37525,1
35380,0
10753,0
95533,1
40298,0
41331,0
85986,0
28116,0
38144,0
94994,0
62236,1
90868,0
57807,0
87246,0
74616,0
18664,0
11033,0
86659,0
62315,0
11410,0
44743,0
17785,0
89773,0
52874,0
36439,0
34151,0
3418,0
15036,0
93832,0
67649,0
38681,0
19184,0
24893,0
84569,0
82994,0
41503,1
93153,0
93431,0
51801,0
48889,0
31718,0
4297,0
78903,1
74186,1
26190,0
52891,1
90442,0
37646,0
96200,0
35682,0
61215,0
47437,0
5012,0
58477,0
25564,0
22607,0
57883,0
79813,0
93013,1
60893,0
19642,0
33485,0
31504,0
51422,0
21703,0
28303,1
55302,0
47138,0
31418,0
61147,1
11435,0
1494,0
24512,0
66671,0
69926,0
37070,0
39829,0
50470,0
92163,0
32856,1
73416,0
62247,0
43819,1
11490,0
19617,0
46426,0
43808,0
47256,0
35505,0
72899,0
26458,0
68812,0
26706,0
66600,0
29651,0
10724,0
35451,0
26093,0
38102,1
55537,0
6353,0
19882,0
75667,0
56647,0
65376,0
83800,0
19350,0
28944,0
32600,0
43101,0
38414,1
91662,0
31414,1
17212,0
93147,0
33409,1
54606,0
84567,0
30109,1
93923,0
60550,0
98645,0
51561,0
6437,0
35564,0
42765,1
69685,0
22820,0
12573,0
79911,0
36532,0
86309,0
45574,0
87323,0
72576,0
3200,0
17148,1
57025,0
24977,0
11152,0
35937,0
3945,0
87120,0
50937,0
86078,0
13557,0
19273,0
80043,1
1490,0
53607,0
1960,1
86272,0
31426,0
80608,0
59652,1
60540,0
85236,0
41812,0
9219,0
58530,0
80863,0
13030,0
43512,0
55317,0
99655,0
16169,0
15311,0
52129,0
26749,0
9559,0
6491,0
92257,0
14842,1
13872,0
38230,0
61387,0
50209,0
9207,0
60876,0
97917,0
65170,0
42921,0
76203,0
52385,1
71827,0
61121,0
56253,0
50032,0
17738,0
99137,0
56017,0
8674,0
30272,0
76902,0
91919,0
70653,0
72453,0
60512,0
10154,0
18508,0
45310,1
30150,0
5390,0
36441,0
69165,0
57126,0
82453,1
60267,0
50667,0
67885,0
86446,0
59302,0
56609,0
59729,1
45520,0
49793,0
28757,0
81417,0
93328,0
94563,1
82118,0
79048,0
64958,0
58905,0
23883,1
19672,0
50254,1
93106,0
34794,0
78535,0
75728,0
49643,1
13047,0
48368,0
28140,0
95249,0
68886,1
26680,0
37159,0
34677,0
26797,0
83674,0
24685,0
80433,1
80145,0
95826,0
28026,1
68983,0
96896,0
9194,0
17824,0
28823,0
71535,1
17989,0
54447,1
258,0
69357,0
29273,1
96683,0
40620,1
72923,1
22439,1
96226,0
35834,0
65254,0
43113,0
34358,0
46974,1
23554,0
17744,1
29801,1
26431,0
14475,0
12781,0
27735,0
48976,0
49210,0
38038,1
64502,0
98122,1
47199,0
82920,0
91557,0
54158,0
75863,0
94685,0
56447,0
72624,0
435,0
91348,0
4191,1
1649,1
85110,0
47238,0
83939,0
51427,0
52756,0
14580,0
29140,0
61543,0
41253,0
86253,1
81199,0
5282,0
27444,0
13842,0
47195,1
93754,0
1124,0
48883,0
42608,0
60585,0
37807,0
87522,0
67122,0
88248,1
73319,0
59364,0
96765,0
72876,0
18142,0
9504,0
28323,0
37576,1
469,0
21892,0
67339,0
26083,0
93718,0
93156,0
66308,0
91564,0
4653,1
43015,0
17102,0
7664,0
56991,0
23498,0
17312,0
67872,0
76583,0
61048,0
62308,0
42786,1
18717,0
88174,0
20555,0
49974,0
66011,0
31726,0
39944,0
24060,0
25809,0
46940,0
95997,0
28212,0
56417,1
3738,0
16183,0
73043,0
74646,0
65849,0
74471,0
72900,0
84078,0
40180,0
90215,1
10743,0
8007,0
6373,0
53350,0
60406,0
57018,1
6382,0
86085,1
19932,0
54159,0
10738,0
55186,1
50515,0
79698,0
60131,0
6995,1
3236,0
60677,0
94162,1
72460,0
53705,0
29415,1
61994,0
4081,0
92222,0
4145,0
89119,1
18234,1
81484,0
51723,0
35735,0
53701,0
29315,0
35217,0
32716,0
66511,0
592,0
27902,0
60897,0
23884,0
57613,0
74248,0
13752,0
23842,1
12747,0
31528,0
40841,0
53177,0
3208,0
61883,0
92554,0
89311,0
27885,0
72944,0
2940,0
79434,0
50850,0
52906,0
72035,0
24286,0
16130,0
51661,0
38824,1
40786,0
87508,0
49352,0
87635,0
64505,1
83934,0
40593,0
4885,0
24744,1
37928,0
56541,1
96123,1
6339,1
53042,0
41762,0
20860,0
94831,0
46997,0
46914,0
37242,0
27074,0
23219,0
4177,1
28296,0
74013,1
7826,0
69084,0
77975,1
93476,0
46513,0
64462,0
2739,1
89503,0
25367,0
17497,0
68948,1
71037,1
17679,0
44793,0
78537,0
12997,0
5252,0
33804,1
54571,0
88820,0
27043,0
56362,0
41202,0
43554,0
67859,1
3614,0
67088,0
86290,0
96185,0
57012,0
47764,0
25730,0
97072,0
38256,0
42453,0
63623,0
15971,0
65157,0
46842,0
78340,1
67104,0
78263,0
55204,0
67042,0
13885,0
86061,0
74615,0
888,1
16292,0
50947,0
1986,0
51064,1
13927,0
29821,0
83139,1
10374,0
70378,0
40578,0
26148,0
79871,0
17301,1
90092,0
7590,1
68910,0
76768,1
82124,0
84920,0
82012,0
19822,0
29663,1
80174,0
63770,0
28833,0
60484,0
20930,0
46637,0
91939,0
10696,0
11896,0
13376,0
33028,1
39842,0
75078,0
19318,0
29268,1
67455,0
34228,1
86362,0
26671,0
89545,0
50726,0
47368,0
13637,0
13234,0
44487,0
15821,0
96886,0
77682,0
79366,0
3159,0
94857,1
45716,0
94869,0
44509,0
63275,0
35433,0
61960,0
91560,0
55920,0
413,0
81421,0
62931,0
29592,0
25804,0
48423,0
9010,1
13314,0
71303,0
28406,0
45361,0
8734,0
90548,0
58481,0
62257,0
24653,1
79525,0
85990,0
19984,0
12108,0
12719,1
34314,0
24517,0
72295,0
24551,1
1479,0
67959,1
1483,1
68280,1
54079,0
43864,0
97905,0
36631,0
89934,0
5659,0
2595,0
78981,0
52192,0
28580,0
34016,0
47084,0
42524,0
32375,0
61822,0
11154,0
30336,0
83180,0
59864,0
25796,0
86188,0
22361,0
83502,0
2135,0
69920,1
22006,1
42366,0
52247,1
24699,1
26356,0
35243,0
73267,0
65601,0
32135,0
29354,0
37652,0
52664,0
51620,0
51365,0
99448,1
36732,0
62773,0
74694,0
98274,0
66328,0
66925,1
7712,0
23999,1
5267,0
70655,1
83256,1
73901,1
7480,0
51351,0
98931,0
25977,0
13581,0
2907,0
51546,0
44351,0
25521,1
92673,0
37421,0
96754,0
32258,0
73047,0
11195,0
88540,0
3540,0
96405,0
19369,0
93047,0
40565,0
49736,0
57675,0
68518,0
64429,0
80021,0
35049,0
56786,0
65527,0
27166,0
57068,0
85339,0
25362,0
18399,0
29903,0
6261,0
35295,0
18152,0
78547,0
1997,0
72790,0
12364,0
21180,0
6116,0
78392,0
7675,0
97341,0
58035,0
81438,0
81998,0
39242,0
21937,0
32447,0
27471,0
14879,0
73147,0
20595,0
8419,1
42038,1
16923,1
30730,1
40632,0
39354,0
13585,0
43142,0
1849,0
75358,0
32624,0
32448,0
5614,0
64707,0
89430,0
13922,0
11821,1
30755,0
94675,0
68628,0
83835,0
38566,1
8723,0
67071,0
70303,0
59818,0
46813,0
29462,0
66024,0
414,1
80125,0
22533,1
17496,0
26889,0
37366,0
66748,0
31093,1
76904,0
77500,0
53696,0
1624,0
49804,0
53754,0
79690,0
11816,0
21340,1
21280,0
2400,0
3678,0
76041,0
58846,0
89349,0
38118,0
70540,0
30600,0
80349,0
98266,1
12465,0
37053,0
19951,0
24,0
74533,0
75661,0
58075,0
1512,0
11746,0
35804,0
41255,0
8088,0
97571,0
48537,0
34258,0
64999,0
36567,0
77692,0
48641,0
95816,1
73791,0
3644,0
68294,0
2076,1
92533,0
13495,1
79735,0
99292,0
4283,0
770,0
88163,0
28778,0
51270,1
94438,0
90941,0
8901,0
14290,0
61869,0
90663,0
92350,0
17800,0
97068,0
11303,0
48559,0
68532,1
58598,0
24946,0
25454,1
36709,0
95131,0
87148,0
34541,1
73990,0
7390,0
1043,0
46674,0
30722,0
5907,0
22527,0
28623,0
17049,1
4548,0
45485,0
9950,0
40172,0
74522,0
72517,0
40183,0
24724,0
99800,0
44819,0
47567,0
12651,1
3692,0
840,1
77726,1
93174,0
91858,0
79519,0
74199,0
92841,0
91166,0
79353,0
76952,0
70752,0
23558,0
26398,0
69199,0
24810,1
31917,0
13289,0
18811,1
91344,0
90764,1
19477,0
88295,0
41922,0
8363,0
94444,0
63059,0
45975,0
77532,0
1588,0
92528,1
26639,0
11444,0
47507,1
59022,0
2982,0
44046,0
8182,0
37247,0
4759,0
63618,1
81182,1
29870,0
32404,0
95450,0
21909,0
43341,0
86310,0
93714,0
75080,0
49626,0
29564,0
91439,0
37799,1
18427,1
60226,0
19803,1
28438,0
95139,0
40722,1
58276,0
12306,0
46666,0
51545,0
67063,0
89728,0
30282,0
12734,0
49346,0
5430,0
46554,1
97093,0
58389,0
14311,0
59770,0
53755,0
8134,0
19650,1
54832,0
62196,0
2586,1
67206,0
2379,0
31291,0
9570,0
17740,1
25104,0
27480,0
44577,0
29472,0
36488,0
65361,0
21067,0
23199,1
3255,1
62946,1
14199,0
16971,0
55862,0
47333,0
54780,0
82616,0
50342,0
9449,0
53270,1
17185,0
15714,0
10594,0
80649,0
43894,0
84806,0
15114,0
70142,0
35157,0
83355,0
95836,0
56992,0
22919,0
34931,0
7352,0
26551,1
3904,0
9417,0
41904,1
66882,1
37780,1
19062,0
97574,1
93132,0
13049,0
62110,0
58072,0
57383,0
62687,0
5789,0
48744,0
13615,1
86331,0
62220,0
56356,0
19009,0
45705,0
32574,0
84515,0
57931,0
94692,0
75798,0
72413,1
7891,0
715,1
99594,1
55361,0
49538,0
96039,1
95632,0
50097,0
92425,0
284,0
41364,0
63833,1
96635,0
49579,0
94379,1
8204,0
23875,0
93749,0
28020,0
14540,1
10090,0
45360,1
94990,0
73728,0
2692,0
71069,0
16113,0
94583,0
29346,0
55672,0
8578,1
95591,1
49271,0
97339,0
86650,0
89866,0
56920,0
53229,0
42241,0
55613,0
89280,0
41800,0
2181,0
77816,0
18766,0
90895,0
37550,0
70295,0
58396,0
12337,0
41874,0
85119,0
91538,0
23811,0
5164,0
14040,1
99681,0
95296,0
84209,0
87755,0
54261,0
13512,0
94089,0
80001,1
21857,0
50148,0
83300,0
88575,0
91929,1
88842,0
86397,0
91770,0
49811,0
15421,0
20632,1
71395,0
91475,0
63020,0
78397,0
68350,0
60720,0
5963,0
880,0
33394,0
90134,0
6788,0
58168,0
94085,1
68791,0
86431,0
49781,0
45919,0
44657,0
91651,0
13921,0
67483,0
40961,0
66954,1
77869,0
97437,0
51395,0
89661,0
1616,0
77768,0
54864,0
44808,0
77364,0
22370,1
21233,1
90282,0
94636,0
66016,0
88312,0
70560,0
10063,0
34618,0
17967,0
98660,0
59296,0
18751,0
74231,0
23022,1
59443,0
65275,0
90432,0
78893,0
25945,1
77678,0
76526,0
80124,0
6785,1
9300,0
11231,0
11110,1
28307,0
53636,0
22578,1
81432,0
53915,1
43552,0
12744,0
6410,0
17452,0
80801,0
36365,0
40992,1
66702,0
13218,0
18204,0
21039,0
83365,0
66490,0
44616,0
28407,0
18294,1
57193,0
59320,0
18064,0
55874,1
95768,0
1499,1
29094,0
4236,0
79116,0
53497,0
52408,0
80542,0
11329,0
26047,0
67447,0
32577,0
37452,0
26663,0
19389,0
29987,0
76940,0
23056,0
80715,0
8869,0
32237,0
25710,0
87551,0
39924,0
99522,0
77977,0
64763,1
67574,0
72301,0
84010,0
24901,1
75522,0
63408,0
93325,0
42181,0
36172,1
75058,0
43605,0
4516,1
53674,0
79859,1
27158,0
21918,0
3775,1
24873,0
37834,1
58275,0
32510,0
98760,0
67113,0
32501,1
87354,0
52303,1
40982,0
49917,0
56849,0
78958,0
95925,0
34755,0
81654,0
65353,0
20731,0
97777,0
61542,0
27701,0
57098,0
11043,0
69912,0
89815,0
41580,0
33136,0
77537,0
4316,0
61430,0
82989,0
82648,1
42575,1
96182,0
15612,0
5678,0
83685,0
13086,0
86887,0
54517,0
8416,0
63197,0
67169,0
15458,0
27869,0
51947,1
50435,0
65732,0
10534,0
85855,1
26152,1
96764,0
13612,0
51444,0
78330,0
2663,1
66781,0
98334,0
54202,0
45762,0
13738,0
21077,0
24170,0
11116,0
77000,0
51826,0
83000,0
71216,0
25908,0
87630,0
84693,0
54893,0
25247,1
26352,0
47925,0
58440,0
69502,0
55685,1
73306,0
16858,0
96305,0
32619,0
37322,0
74743,1
26413,0
78571,0
98432,0
14365,0
83397,0
35347,0
12236,0
41301,0
76008,0
58586,0
45647,0
77457,0
31440,0
3180,0
4101,0
87465,0
23341,1
99623,1
12105,0
93396,1
67741,0
96607,0
75909,0
76551,0
48362,0
8218,0
11363,0
98228,0
39679,0
22623,0
11306,0
20897,0
58257,0
80153,1
88340,1
97049,0
18943,1
82672,0
99914,0
35591,0
53907,0
11846,0
98363,0
90426,0
14333,0
80525,0
90080,0
27492,0
96564,0
49892,0
56425,0
94393,0
48319,1
73364,0
46999,1
32921,1
95555,0
93657,0
864,0
22824,0
31557,0
92064,0
58225,0
49883,1
28595,1
21543,0
18517,0
31502,0
86920,0
81881,1
28450,0
90570,0
93433,0
59928,0
22254,0
38897,1
99471,1
18476,0
50588,1
49004,0
23522,0
78129,0
15682,1
96585,0
33403,0
31394,1
77393,1
16561,0
27342,1
60584,0
85911,0
14054,0
12921,0
3269,0
42353,0
43849,0
12231,0
76912,0
46129,0
86826,0
83207,0
8572,0
77101,0
84223,0
75232,0
44064,0
8563,0
85753,1
39179,0
90297,0
51230,0
72692,0
86972,0
68991,0
2089,0
94139,0
91544,0
5478,0
9196,0
82734,1
43975,0
97405,0
18451,0
90509,0
32689,0
55930,0
70581,0
4429,0
16511,0
56975,0
16531,0
89086,1
16429,1
92622,0
4268,0
97106,0
71143,1
95931,0
82868,0
38822,0
8738,0
89424,0
2461,1
19997,0
67648,0
42553,0
83441,0
82630,0
25457,0
10144,1
12154,0
89651,0
64459,0
40524,0
4998,0
67565,0
45053,0
6097,0
98154,0
27877,0
17079,0
62280,0
25814,0
41817,0
73534,0
782,0
11201,1
46979,0
79150,0
66131,0
23134,0
29756,0
98648,0
81631,0
4329,0
44381,0
37085,0
85182,0
3405,0
23483,0
17632,0
30351,0
32724,0
79134,0
33582,0
93327,0
76715,0
26876,0
70983,0
48555,0
15209,0
53631,0
84882,0
86227,0
8189,0
46641,1
7973,0
10133,0
79325,0
17518,0
80406,0
43579,0
95696,0
2901,0
45902,0
25646,0
21537,0
7175,0
76291,0
86159,0
43498,0
53942,1
94224,0
29153,0
74820,0
7376,0
43689,0
34844,0
39317,0
35302,0
42567,1
14158,0
44656,0
4798,0
29793,0
19814,0
74207,0
29495,1
3223,0
40413,0
20319,0
77395,1
88555,0
84812,0
33051,1
35003,0
76341,0
65340,0
68941,0
53917,0
97752,0
90400,0
32127,1
75090,1
48055,0
77992,0
41818,0
20588,1
57524,0
41316,0
38662,0
87365,0
90774,0
77820,0
68122,0
43788,0
99583,0
91652,1
81198,0
86302,0
63070,0
33898,0
19271,0
8919,0
15568,1
88819,0
26107,0
84200,1
17773,0
45270,0
24902,0
78703,0
97384,1
64772,0
94191,0
81970,0
25142,0
5158,0
11379,0
19001,1
59990,0
65935,0
26096,0
86274,0
25828,1
54612,0
43678,0
88972,0
14045,0
54936,0
93064,0
85945,0
61915,0
96514,0
89517,0
9796,0
53529,0
18731,0
11240,0
85496,1
61613,0
31810,1
36291,1
6299,0
48768,1
52499,0
45629,1
34354,0
76189,0
10317,1
64517,0
66854,0
67081,0
30677,0
84637,0
63798,0
89534,0
29656,0
60238,0
8444,0
70809,0
28560,0
24582,0
272,0
39376,0
13097,0
82528,0
45870,0
79883,0
77171,0
77586,0
23296,0
1175,0
48879,1
57652,0
41523,0
49173,1
54121,0
69529,1
36429,0
70493,0
6323,1
95935,0
34253,0
84295,0
58901,0
2861,0
71232,0
3420,0
16758,0
93828,0
6667,1
4201,0
52833,0
9107,0
22589,0
13388,0
72455,1
30905,0
57876,0
47279,0
77296,0
70533,0
19916,0
52439,0
14461,0
69901,1
22484,0
17306,1
69328,0
63884,0
1350,0
48711,0
2852,0
57466,0
69450,1
26396,0
65570,0
75185,1
89096,0
49700,0
87381,0
6780,0
18698,0
70788,0
99791,0
23561,0
33381,0
67350,0
49750,0
34099,0
26279,0
19326,0
50966,0
84945,0
82262,0
87971,0
2905,0
98441,1
33662,0
7843,0
97099,0
62163,0
27996,0
77038,1
54845,0
18555,0
89710,1
63145,0
35350,0
98992,0
52332,0
36563,1
11228,0
83188,0
33207,0
35576,0
47354,0
10639,0
12718,1
22800,0
3433,0
5429,0
19206,0
76183,0
78069,0
45227,0
92870,0
18218,0
78813,1
91375,0
65346,0
45059,0
18927,0
20514,0
30495,0
89166,1
77019,0
33063,1
91416,1
30086,0
85759,0
45285,0
52406,0
8971,0
85149,0
66386,0
91029,0
78414,0
80475,0
483,0
43714,1
81685,0
87640,0
89994,0
27624,0
58182,0
16182,0
41726,1
65881,0
54629,0
85422,0
78300,1
95578,0
62036,1
67158,0
60251,0
3315,0
19720,0
66958,0
5629,0
72604,0
67621,0
66644,0
28967,0
91185,0
56444,0
68515,0
22366,0
62089,0
70132,0
28216,0
628,0
41984,0
28817,1
29614,1
3155,1
74370,0
19004,1
74427,0
65852,1
33317,0
75636,0
72916,1
89324,0
49422,0
96540,0
85301,0
28288,1
19348,0
84557,0
26281,1
85751,0
22954,0
12346,0
23123,0
47399,0
77464,0
70112,0
64327,0
70259,0
42694,0
18222,1
87097,0
23126,1
37813,0
47183,0
84652,1
93349,0
11422,0
337,0
83648,0
93885,0
93834,0
83021,0
8145,0
54956,1
72828,0
89278,0
44631,0
22804,0
41405,1
95383,0
78783,0
24327,0
62082,0
92134,0
3295,1
97500,1
49122,0
64184,0
21298,0
77079,0
82692,0
72476,1
70855,0
50264,0
5557,0
12436,0
9490,0
44319,0
71248,0
91614,0
4321,0
28440,0
76508,1
45825,1
20517,0
93705,1
10241,0
36712,0
31769,0
16155,0
415,1
7923,1
93265,0
94715,1
50506,0
55812,0
56219,0
69760,0
3675,0
49285,0
83707,1
92461,0
33276,0
78699,0
34581,0
55899,0
6277,0
49158,0
21082,0
54254,0
68882,0
26220,0
86689,0
60780,0
1456,0
32384,0
34058,0
5802,0
50180,0
97990,0
33085,1
20476,1
55323,0
80004,0
25927,1
94504,0
99398,0
70753,0
94766,0
78714,0
8151,1
28448,1
4187,0
54120,0
97400,0
29414,0
40847,1
17226,0
46123,0
36123,1
15468,0
40858,0
53812,0
83960,0
49441,0
94397,0
40793,0
38621,0
66658,0
84941,0
69264,0
38755,0
91169,1
83642,0
68483,0
79642,0
81076,0
89741,0
94921,0
26810,1
46649,0
23727,0
91653,0
2757,0
50332,0
26920,0
8061,0
23543,0
59017,0
23357,0
75408,0
1639,0
11496,0
93802,1
97337,0
32037,0
97239,0
95629,1
6395,0
22980,1
19478,0
52451,0
66608,1
80561,0
55417,0
6366,0
18502,0
5531,0
30186,1
12640,0
56884,0
3670,0
96203,0
72701,0
38103,0
46036,1
61453,0
64491,0
6798,0
68561,0
34074,0
37890,0
16397,0
70767,0
18513,0
67709,0
92239,0
58715,0
73884,0
25257,0
44136,0
54014,0
1417,0
38031,0
94542,0
92412,0
63472,0
41795,0
52852,0
68669,0
24446,0
8638,1
35241,0
68045,0
56179,0
34179,0
29734,0
5382,0
81584,0
51926,0
59148,0
19926,1
32610,0
56929,0
55008,0
53929,0
96286,0
68403,1
50014,0
46793,0
8940,0
94451,0
88737,0
74786,1
3717,0
15120,1
21245,0
38728,0
64855,0
9870,0
71009,0
66540,0
46094,0
89967,0
3292,0
65317,1
25289,1
7343,0
43962,0
16210,0
85121,0
36076,0
31795,0
16677,0
61538,0
40267,0
72732,0
24280,0
56221,0
16363,0
17447,0
78042,1
17057,0
75666,0
11880,0
71116,1
29171,0
83950,1
93569,0
28727,0
20379,0
48097,0
24846,0
83595,1
73535,0
7064,0
89717,0
18674,0
71729,0
71163,0
1725,0
52871,0
29018,0
64017,1
41095,0
58857,0
7314,0
47863,1
48235,0
9432,1
11241,0
4040,1
58265,1
98916,0
50930,0
64336,0
53598,0
24809,1
96952,0
95214,0
87643,0
67728,0
99961,0
97362,0
65342,1
58416,0
32189,0
2101,0
26210,0
15470,0
98480,0
47675,0
97377,0
33511,0
40108,1
69010,0
95571,0
63040,0
41732,0
16632,0
86663,0
48003,0
52665,0
74704,0
96148,0
16610,0
45144,1
65107,0
75962,0
59214,0
43925,1
2305,0
8823,0
19546,1
84848,0
88859,0
4525,0
20262,0
57427,0
25399,0
85868,0
7324,0
15991,0
26087,1
1900,1
27250,1
71557,0
58308,1
44827,0
14008,0
25210,0
93757,0
7332,0
14292,0
86259,1
87592,0
77601,0
53296,0
34276,1
70190,1
28031,0
92215,0
72587,1
69703,1
8502,0
48688,0
77891,0
97317,0
63599,0
52032,0
73097,1
43360,1
40372,0
43078,0
87448,0
9052,0
11021,0
39344,0
7123,1
89642,0
37213,0
70169,0
26719,1
60858,0
89673,0
68212,0
40957,0
63944,0
93683,0
38867,0
7072,0
3407,0
89883,0
93227,1
5482,0
70218,0
40802,0
38350,1
44404,0
8813,0
44014,1
76575,0
1948,0
75158,1
47214,0
85926,0
94286,0
46037,0
84508,0
19629,0
55701,0
42394,0
56943,0
30950,0
6104,0
66002,0
84509,0
54399,0
15410,0
30102,0
3239,1
48469,0
38955,0
71407,0
13719,0
62419,0
77312,0
53487,0
98260,0
41779,1
50174,0
74677,0
79228,0
65017,0
79492,0
24274,0
57519,1
184,0
46954,0
77675,0
7545,0
43009,0
63796,0
90973,0
64330,1
25386,0
70543,0
18436,1
43763,0
5431,0
29646,0
83885,0
53281,0
50796,1
15175,0
7710,0
1581,0
49584,0
18924,0
67749,0
50406,0
98906,0
97999,0
52401,0
36647,0
60295,1
21772,0
99682,0
2959,0
31315,0
61353,0
21770,0
8480,0
85159,0
36329,0
4432,1
26604,0
84960,0
81427,1
68863,0
92065,0
5766,0
44479,0
96256,0
93790,0
13066,0
40927,1
43837,0
74201,0
45443,0
63839,0
11124,0
54813,1
30785,0
13063,0
72339,0
60748,0
61415,0
38443,0
66948,0
78693,0
55954,1
56954,0
522,0
10220,0
28957,0
12826,0
60578,0
90878,0
41596,0
85448,0
81353,0
38573,0
37824,1
53623,0
92040,0
32969,0
84283,0
63655,0
56666,0
74300,0
52648,0
38097,0
26635,0
37748,0
8391,1
83124,0
83055,0
30006,0
83147,0
9406,0
51214,1
2288,1
79328,1
59384,0
15398,0
79377,0
58546,0
74532,0
17962,1
96795,0
81523,0
77332,0
83943,1
13264,0
56403,0
98375,0
93680,1
65967,0
36641,0
15829,0
55268,0
72811,0
20739,0
46828,1
62032,0
18179,0
6825,0
90660,0
52059,0
2258,0
92443,0
16820,0
30128,0
53911,0
85677,0
21162,0
71075,1
81886,0
36855,0
74878,0
59202,0
30032,0
3395,0
95723,1
56868,0
85560,0
33641,0
97918,1
78094,0
20680,0
99965,0
86657,0
68891,0
12199,1
69538,0
18870,1
4239,0
83986,0
29347,0
27705,0
31229,0
35585,0
65386,0
71748,0
80557,0
10763,0
68110,0
87213,0
26919,1
67168,0
20977,1
1329,0
63263,1
6033,0
80130,0
80008,0
54731,0
17487,0
81020,0
94971,0
94273,0
77252,0
67870,1
90070,0
72657,0
91374,0
45768,0
15138,0
18109,0
40522,0
12211,0
72936,0
85498,0
71856,0
56850,0
67,0
91935,1
89749,0
90198,0
69714,0
61267,0
83392,1
27599,0
73545,0
26036,0
34803,0
53559,0
89342,0
62211,0
29922,0
68469,0
80633,0
36478,0
31243,0
98393,0
91553,0
14544,0
68144,0
35083,0
83145,0
93803,1
53764,0
10685,0
10047,0
14521,1
52830,0
33228,0
65669,0
51105,1
25505,0
31321,0
64531,1
71093,1
27889,0
89854,0
84782,0
8330,0
39300,0
32323,0
69838,0
2681,0
96793,0
48018,0
4485,0
99076,0
59824,1
55845,0
81372,0
70057,0
1080,0
29287,0
67880,0
79881,0
55751,0
98975,1
81112,0
19070,1
14118,0
36152,0
93710,0
66777,0
29014,0
73185,0
85944,0
83286,0
15000,1
45113,0
35534,0
34332,0
37030,0
60534,1
2836,0
70228,1
44196,0
52800,0
21799,0
97942,0
73931,0
10296,0
34095,0
76033,0
41312,0
50402,1
37151,0
96597,0
81779,0
73005,0
8496,0
64824,0
35445,1
37677,0
48778,0
39265,1
76717,0
77227,0
73925,0
43971,0
85885,1
99572,0
46186,0
52175,0
61289,0
67757,1
29332,0
3957,1
49188,1
36134,0
88271,0
42855,0
97748,0
49880,0
49268,0
44023,0
54213,0
32913,0
95503,0
54462,0
73506,0
83282,0
37326,0
78951,0
26576,0
6012,0
42243,0
30452,0
89563,0
10890,0
80635,0
42376,0
40746,0
57506,0
50418,0
45706,0
443,0
24067,0
30842,0
5842,0
90082,0
11921,0
76452,0
6161,0
86580,1
89046,0
26557,0
64278,0
357,0
29519,0
33583,1
20762,0
27558,0
62186,0
69179,0
88227,0
47672,0
5792,0
97632,0
55334,0
22314,0
23648,0
90683,0
19015,0
6376,0
34518,0
59742,0
29316,0
68406,0
83522,1
39281,0
22010,0
57783,0
13241,0
69237,0
80546,0
20419,1
11544,0
90057,0
75019,0
97510,0
52096,0
38195,0
28175,0
70212,0
77390,0
88361,0
33032,0
44507,0
45890,0
94269,1
7962,0
49208,1
95557,1
43268,0
54255,0
66370,0
85874,0
10569,1
68848,0
8186,0
76724,0
69335,0
16788,0
67078,0
63494,0
88731,1
40300,0
36094,0
45722,1
73582,0
51116,1
19209,0
21464,1
65540,1
33746,0
60441,0
89553,0
76315,0
30294,0
39067,0
71171,1
77139,0
68966,0
45642,0
1325,0
34703,0
34934,0
36459,1
78366,0
16924,0
18758,0
36621,0
99703,0
51289,0
85889,0
14912,0
41076,1
95619,0
17563,0
97432,0
4680,0
48750,0
17498,0
84739,0
99405,1
8870,1
23243,0
53013,0
63789,0
35998,0
15262,1
92614,0
89631,0
97753,0
62092,0
51593,0
74937,0
58566,0
3113,0
98151,0
85529,0
39795,0
45334,0
82368,0
89774,0
87575,0
42983,0
78522,0
24969,0
11559,0
22156,0
39940,1
88126,0
68741,0
13317,0
792,1
41270,0
13769,0
40256,0
55341,0
77879,0
13327,0
14665,0
82051,0
83408,0
86508,0
96837,0
53776,0
89025,0
71220,0
46727,0
94327,0
95218,0
65564,0
16908,0
26110,0
39986,0
38652,0
94989,0
42621,0
9804,0
29800,0
99036,0
10080,0
10742,0
93559,0
10545,0
21116,1
32382,0
49044,0
51777,0
35010,1
12694,1
78555,0
48088,0
29546,0
82617,0
35312,0
12194,0
1846,0
95299,0
90950,0
39734,1
43004,0
75384,0
43319,1
82981,0
56230,0
15072,0
54404,0
91409,0
32691,0
16602,1
8023,0
2284,0
90289,0
69208,0
32919,0
98017,0
6141,0
19034,0
67994,0
95342,1
47188,0
19052,0
10235,0
5183,0
82924,0
31131,0
91579,0
62652,0
60076,0
90009,0
10848,1
53809,0
72637,0
7782,0
70779,0
56074,0
43005,0
85691,0
69001,0
73588,0
65518,1
37168,0
74788,0
38536,0
28877,0
44125,1
30982,0
55427,0
99212,0
18257,0
77127,0
9159,0
18770,0
54240,1
81680,0
47898,0
19360,0
62766,0
56902,0
13977,1
14277,0
56986,1
98116,0
4661,0
67055,0
99093,0
16897,0
59595,0
23603,0
69921,0
30158,0
32594,0
3884,0
78888,0
1115,0
10526,0
27027,0
25968,0
37238,0
97885,0
97174,0
71759,0
59537,0
1962,0
89049,0
44825,0
63562,0
4003,0
37717,0
48936,0
18444,0
3630,0
53796,0
73281,0
5515,0
46249,0
26584,0
12261,0
95355,0
28458,0
43853,0
31973,0
6251,0
28775,0
15806,0
93103,1
28541,1
26265,0
64113,0
47197,0
69246,0
48466,0
44216,0
98524,0
22771,1
1961,0
91789,0
69044,0
25865,0
48652,0
16361,0
18647,0
14379,0
71376,0
97154,0
92901,0
33518,1
15254,1
82317,0
50886,0
673,0
23196,1
12377,0
39133,0
50361,1
88336,0
31903,0
84299,0
12178,0
36701,0
98836,0
78390,0
87154,0
34046,0
34586,0
6154,0
73579,0
25342,0
22153,0
99856,0
14082,0
80812,0
5683,1
60073,1
78922,0
63242,0
10129,0
63461,0
40949,0
73359,0
90957,0
12458,0
12360,0
5893,0
41189,0
3819,0
50904,0
23679,1
76197,1
26844,0
39350,1
90515,1
80765,1
34998,1
37808,0
23704,0
81764,0
80755,0
90894,1
92716,0
88459,0
62162,0
96282,0
27077,0
5537,0
85674,0
32762,0
10832,0
27295,0
97876,0
22818,1
53074,1
42339,0
56306,0
53092,0
72437,0
30932,0
83947,0
51804,0
13134,0
62651,0
82834,0
64111,0
84592,0
8965,0
3199,0
94280,0
81566,0
90049,0
69247,0
26288,0
26355,1
41181,0
63531,0
71613,0
935,0
3280,0
28,0
3415,0
20381,0
52283,1
9147,0
55849,0
84005,1
70671,0
94435,0
17859,0
53704,1
99356,0
15787,0
26209,1
14368,0
78321,0
99034,0
61299,1
52861,0
78403,0
18039,0
87409,0
86582,0
51271,0
26558,0
63163,0
13366,0
35899,0
70923,0
42132,0
2483,0
40457,1
74162,0
10659,1
88366,0
53948,0
83260,0
76643,0
90386,0
84747,0
74176,1
61039,0
152,1
24648,0
26078,0
54303,0
3613,0
39843,0
73264,0
20880,0
35788,0
72141,0
33026,0
70034,0
71217,0
76122,0
82060,0
75653,1
24791,0
2148,0
82321,0
6832,0
78605,1
52404,0
66544,0
93611,0
88682,0
57498,0
65474,0
92256,0
16545,0
83573,0
83964,0
29249,0
20657,0
81892,0
92683,0
36960,0
7822,0
33584,0
94775,0
13639,0
51786,0
47112,0
48205,0
15522,1
16501,0
14597,0
54088,0
35535,1
69398,0
67603,0
68047,0
20806,0
34614,0
54701,0
88824,0
21734,0
61834,0
60333,1
16558,0
9427,0
75268,0
59743,1
70759,0
78708,0
11786,0
65668,0
29605,0
94985,1
52630,0
78174,0
81286,0
14260,0
80637,1
65789,0
79174,0
30707,0
66648,0
51994,0
82748,0
58969,0
58948,1
97007,0
61427,0
99806,0
67831,0
39597,1
51743,0
7749,0
20956,0
98227,0
6105,0
99290,0
9972,0
95160,0
85761,0
4961,0
39479,0
56527,0
9704,0
14041,0
21584,0
99411,0
36662,1
80515,0
92959,0
98368,0
31643,0
46434,0
62837,0
92729,0
64560,0
26553,0
27831,0
98974,0
54674,0
63619,0
76734,0
44444,1
23480,0
80298,0
58945,0
2264,1
60729,0
40767,0
34059,0
60399,0
78511,0
23813,0
25008,0
608,1
979,1
51453,0
6260,1
37185,0
29507,0
52061,0
15279,0
79570,1
96092,0
23428,0
46521,0
38745,0
51552,0
96763,0
19131,0
9205,0
26313,1
67753,0
48827,0
93298,1
43437,1
79636,0
56357,1
51247,0
32821,0
42227,0
64408,0
31246,0
23497,0
82935,0
23281,1
52161,0
69858,0
74653,0
15745,0
87841,0
36334,1
65372,0
80241,0
2192,0
60414,0
32305,0
54427,1
30700,0
10735,0
70055,1
62203,1
38534,0
51556,0
71311,0
6355,0
16487,0
43472,0
24994,0
11687,0
30586,0
31586,0
30417,1
29899,0
80849,1
73589,1
2221,0
44792,0
86512,1
81101,0
20624,0
99609,1
32773,0
1795,1
8162,0
72124,1
70881,0
8097,0
18634,0
17899,0
92260,0
77176,0
72291,1
49408,1
35894,0
46627,0
74681,0
3139,0
36933,0
49732,0
24649,0
86152,0
23136,0
22939,0
70329,0
53359,0
80692,1
33380,0
50173,0
20745,0
67533,0
36903,0
61016,0
26443,0
22558,0
93981,0
28410,0
45754,0
12250,0
93472,0
73719,1
52044,0
78514,1
62179,0
81456,1
55878,1
36263,1
80669,0
74002,0
76635,0
76748,0
61103,0
85284,0
18673,0
17054,0
11117,0
56826,0
65774,0
14068,1
42746,0
81282,0
61604,0
61062,0
65713,0
55041,0
28593,0
58898,0
5174,0
97399,0
70537,0
90494,0
57393,1
69849,0
60971,1
59391,0
82799,0
68441,0
55919,0
37174,0
8546,0
76675,0
68635,0
3423,0
23518,0
53016,0
40531,0
38453,0
59388,0
54112,0
85701,0
40888,0
38058,0
1338,0
49479,0
82406,0
34551,0
18479,0
963,1
59463,0
39736,1
90154,0
63857,0
5256,0
69847,0
18937,0
13704,0
56140,0
33267,0
26438,0
55479,0
68530,0
35636,0
36015,1
88907,0
73926,0
83191,0
79247,0
12398,0
97347,0
34289,0
8042,1
69375,0
35854,0
84688,0
49931,0
50503,0
21603,0
26294,0
33463,0
91924,0
1931,0
13743,0
37253,0
79853,0
21444,0
49024,0
68489,0
9304,0
42086,0
90279,0
51627,0
28829,0
51825,0
57015,0
29701,0
57299,1
24032,0
64384,1
87944,0
35015,0
75921,0
22359,0
42899,0
19007,0
80420,0
20904,0
53784,0
80187,0
10654,0
86248,0
64696,0
15678,1
22551,0
91988,0
89618,0
14269,0
19297,0
62739,0
89832,0
8317,0
92669,0
30327,1
56672,0
20655,0
16311,0
55473,0
17236,0
12325,0
41598,0
23574,0
46155,0
39625,0
65683,0
78780,0
72577,1
49744,0
12508,0
44908,0
48667,0
82385,1
27441,0
7312,1
36913,0
37080,0
47848,0
79959,0
49871,0
73914,0
96436,0
20489,0
5014,0
25789,1
21327,0
66108,0
29368,0
23861,0
57077,0
11437,1
35897,0
16411,0
48970,1
92926,0
59859,0
30976,0
34731,0
78301,0
56766,0
74538,0
44290,0
94834,0
54634,0
99346,0
51080,0
21609,0
69961,0
80913,0
30321,0
39369,0
39971,0
12313,1
64322,0
79459,0
59851,0
3050,0
52736,0
55161,0
22285,0
85965,0
68875,0
98268,0
3106,0
3697,0
79024,0
18929,1
83046,0
69922,0
31191,0
48527,0
73313,0
89272,0
89857,1
38413,0
84720,0
53044,1
30637,0
6653,0
75255,0
82801,0
2090,0
69633,0
42624,1
4082,0
52109,0
54905,0
45038,1
97579,0
14011,0
74564,0
31199,0
10752,1
29223,0
41022,0
17090,0
98240,0
68571,0
28000,0
59229,0
56755,0
87754,0
73875,0
63213,0
11301,0
17231,0
69866,0
88591,0
38454,0
9999,0
83622,0
81192,0
24784,0
74891,1
27091,0
41589,0
69607,0
99426,0
15708,1
82476,0
81889,1
53758,0
65408,0
65054,1
80311,1
93242,0
15127,0
62539,1
41403,0
7065,1
34668,1
33321,0
90046,0
84236,1
44392,0
29692,0
52111,0
16914,0
86561,1
72861,0
96049,0
48170,0
75186,0
44540,0
69425,0
6572,0
10450,0
83109,0
78912,0
76713,0
92643,0
94133,0
55365,0
87926,0
67385,0
99983,1
54549,0
95173,0
35487,0
12605,0
86171,0
38291,0
19978,0
63386,1
37628,0
92132,0
47546,0
96828,0
90516,0
93291,0
42934,0
67954,0
58259,0
74422,0
15799,0
59869,1
53050,0
26751,1
87987,0
52375,0
63611,0
71281,0
43548,0
12132,0
53590,0
16963,0
18344,0
31208,0
66429,0
41663,0
18653,1
37165,0
8631,0
35348,0
56573,0
29278,0
36770,0
26660,0
71464,0
93094,0
50742,0
77835,0
60198,1
51194,1
32754,0
90754,0
70725,1
68301,0
49174,0
91870,0
63588,0
54839,0
89257,0
51199,0
98007,0
79590,0
20487,0
36777,0
84331,0
73299,0
72436,0
97467,0
35362,0
3087,0
34522,1
91459,0
5339,0
90397,0
16849,0
60646,0
95480,0
72709,1
16004,0
83382,0
88432,0
158,1
28242,0
66084,0
3542,0
5972,0
35665,0
44163,0
40233,0
92055,1
30288,0
50461,0
76401,0
18003,0
40923,0
13147,0
95860,0
10579,0
52782,0
35402,0
59722,0
81721,0
85519,0
61593,0
25707,0
8426,0
24221,0
69135,0
14255,0
99308,1
87112,0
83913,1
80055,0
45347,1
97683,0
69475,1
12576,0
3232,0
3994,0
68892,0
42897,0
45802,0
66423,1
731,0
85872,0
32407,0
39614,0
4185,0
2522,1
59734,0
67905,1
34146,1
10873,0
52411,1
65658,0
97710,0
66114,0
81091,0
74082,0
97552,1
69573,1
69017,0
2062,1
12118,1
14768,0
32091,0
63870,0
72285,0
67634,0
53766,0
57455,1
26453,0
43264,0
92934,1
27402,0
86220,0
55704,1
72549,0
25019,0
73272,0
75471,1
96512,0
57747,0
79904,0
98822,0
4498,0
33977,0
89382,1
96062,0
55627,0
58521,0
94032,0
24583,0
20854,0
26014,0
27849,0
61573,0
28275,0
57303,0
45879,0
71375,0
97001,0
64078,0
25790,1
73785,0
68778,0
61615,0
29317,0
64886,0
54003,0
75151,0
48885,0
86297,0
37552,0
3334,0
1985,0
45065,0
91722,0
38991,0
98420,1
60636,0
43164,0
6378,0
96470,0
43993,0
53568,0
84872,0
1738,0
1540,0
95520,0
20045,1
55844,0
44521,0
64931,0
68649,0
28054,0
14225,0
48347,0
46427,1
28159,0
24534,0
34772,0
74154,1
81852,0
4905,1
16947,0
6081,0
15926,0
41809,0
39304,0
85921,0
33617,0
83628,0
39426,0
26676,0
50108,0
89847,1
63926,1
34425,0
6702,1
4115,0
82584,0
6530,0
12209,0
92183,0
16439,0
94454,0
17528,0
98405,0
91666,0
16536,0
24085,0
69865,0
11470,0
6729,0
67365,1
29023,0
86075,0
28940,1
53081,0
48990,0
68652,0
45290,0
43133,0
2257,0
67185,0
40289,0
40689,0
98187,0
44928,1
65569,0
35862,0
86999,1
58297,0
43505,1
29189,0
32996,0
82715,0
29356,0
10072,0
28389,0
29039,0
5179,0
55718,0
68775,0
45402,0
17913,0
91573,0
33634,0
6795,0
31863,0
57417,0
74258,0
63768,0
19975,0
72868,0
534,0
51274,0
84544,0
84840,0
83069,1
71725,0
47586,0
38469,1
89729,0
97436,0
78242,0
49803,0
16092,1
34495,1
74459,0
65586,0
43833,0
14441,0
88341,0
40025,0
30164,0
75422,0
6630,0
19188,0
30465,0
44354,0
46810,0
83614,0
41118,1
57863,0
53645,0
99474,1
23659,0
92918,0
89369,0
93550,0
49983,0
89263,1
55810,0
45418,0
81981,0
79541,1
25159,1
90628,0
52959,1
10032,0
96936,1
80901,0
73811,0
48919,0
46738,0
9098,0
94477,0
67033,0
5000,0
70524,0
22497,1
35566,0
61991,0
34805,0
15978,0
36486,0
4772,0
65815,0
88691,1
60493,0
45700,0
67869,0
16308,0
61366,0
18772,0
16909,0
62973,0
33495,0
40084,0
22198,0
35344,1
28267,0
52760,0
76922,0
30379,0
42319,0
69023,0
18284,0
31249,0
20261,0
9609,0
17006,0
23527,0
40334,0
82939,0
15882,0
47202,0
67460,1
82513,0
52796,0
22860,0
46047,0
28682,0
20793,1
36170,0
31488,0
97741,0
33247,0
41435,0
27102,0
5769,0
59748,0
3090,0
52245,0
70761,0
78852,0
76067,0
20278,1
88417,0
26790,0
82143,0
80397,0
53914,0
29121,0
35,0
54651,0
55676,0
40563,0
82300,0
78987,0
45865,0
77864,0
92826,0
89937,0
58495,1
48290,0
74157,0
55618,0
9514,0
70509,0
68471,0
8653,0
43987,0
76019,0
78834,1
58073,0
95382,0
98959,0
48989,1
88335,1
49798,0
37226,0
13875,1
44076,0
2286,0
44909,0
11756,0
52491,0
40571,0
84144,1
14204,0
26368,1
32665,0
76461,0
60123,0
82942,0
4984,0
52740,1
43929,0
12355,0
63294,0
33392,0
32734,0
12944,0
87797,0
85873,0
65535,0
30871,0
97699,0
5172,1
81742,0
92915,1
81753,0
21514,0
31028,0
88001,0
17560,0
69741,0
83948,0
70483,0
89401,0
28486,0
73570,0
25946,0
26745,0
76896,0
22670,0
66724,1
33628,0
7166,1
64020,1
58938,0
91758,0
59250,0
5866,1
49913,0
57028,1
58860,0
76819,1
69762,1
46124,0
26573,1
1122,0
97155,0
90939,0
87080,0
43346,0
2383,0
91792,0
67587,1
57136,1
64035,0
63554,0
90427,0
97152,0
49985,0
91172,0
61306,0
38486,0
65636,0
86836,0
46891,0
36272,0
72111,0
71801,0
68408,1
99378,1
88593,0
66773,0
39154,0
88520,1
42176,0
33862,0
77598,0
29761,0
72432,0
12093,0
58589,0
32883,0
55071,0
48661,0
68646,0
71763,0
25864,0
49746,0
51618,0
5578,0
84293,0
18628,0
11403,0
14887,0
16452,0
86069,0
378,1
24764,0
81770,0
2301,0
40195,0
45817,0
21848,0
5271,0
89127,0
47315,0
64932,0
68435,0
13220,0
99360,0
28930,0
74757,0
3252,0
37520,1
54962,0
95643,0
26538,0
3094,0
80294,0
5396,1
68240,0
74835,0
51551,0
41847,0
77777,0
89425,0
47398,0
67061,0
46424,1
56704,0
76919,0
53779,0
14321,0
26996,0
32446,0
59579,0
11438,0
48370,1
35056,0
23885,0
94007,0
24267,0
14674,1
50453,0
17180,0
41635,0
50268,0
39423,1
46896,0
68734,0
20021,1
51093,0
73774,0
2596,0
42426,0
9560,0
7453,0
33633,0
49242,0
19692,1
54718,0
17060,0
23879,0
54452,0
28384,0
69033,0
34004,0
84000,0
3084,0
30602,0
84062,0
17215,0
37719,0
89112,0
84229,0
71024,0
205,0
34041,0
74691,0
49943,0
37405,0
48955,0
24099,0
60647,0
34212,0
50538,0
58562,0
20627,0
44972,0
71357,0
85405,1
99438,1
95231,0
10776,0
97602,0
37905,0
44016,0
87570,0
51081,0
58910,0
99232,0
22321,0
30793,0
83520,0
72922,0
1220,0
63680,0
74524,0
50764,0
27130,0
38397,1
18949,0
4381,0
60662,0
72188,0
20537,0
75459,0
37565,0
3158,0
18366,0
45114,0
24089,0
57510,0
44875,0
18192,0
41541,0
383,0
13602,1
43457,0
91194,0
82212,0
66742,0
47510,0
95625,0
89260,0
53175,0
73472,0
90430,1
1308,0
32990,0
83555,0
94620,0
16327,1
63405,0
62885,0
43394,0
91951,0
4147,0
25720,0
35413,0
64046,0
27641,1
28126,0
48544,0
92909,0
54407,0
69497,0
44988,0
39280,0
74419,1
97685,0
55163,0
75434,0
50618,0
69117,0
9060,0
76312,0
45824,0
57969,0
69831,1
61316,0
25487,0
60559,0
84372,0
17235,0
95638,0
99127,1
80626,0
90237,1
88041,0
58939,0
9658,0
77187,0
42959,0
21862,1
38750,1
27439,0
52187,0
54368,0
15178,0
68025,0
49783,0
79219,0
90464,0
78427,0
80852,0
92805,0
38563,0
18939,0
88645,0
85298,0
77277,0
77851,1
20856,0
16201,0
1715,0
48425,0
18198,0
45615,0
39896,0
24400,0
90056,0
59428,0
68654,0
16852,0
71670,1
33376,0
53185,0
78145,0
39305,0
39056,1
58937,0
63755,0
21782,0
74719,0
98596,1
65893,1
45307,0
55514,0
88831,0
89248,0
12911,0
24628,0
46845,0
22521,0
48183,0
29917,1
89589,1
99056,0
77877,0
77029,0
32058,0
59295,1
4583,0
85793,0
11591,0
36161,0
6054,0
29853,0
11749,0
41106,0
43462,0
57853,1
69400,1
72618,0
56012,1
40832,0
34078,0
31436,0
9648,0
98963,0
18738,0
57586,0
67411,0
71836,0
21330,0
61109,0
58934,0
37547,1
71207,1
98869,0
23649,0
8568,0
9971,0
87911,0
8849,0
70617,0
65028,1
77814,0
58192,0
45434,0
56947,1
97797,1
42655,0
34680,0
9805,0
69304,0
30831,0
81875,0
14417,1
20337,0
17348,0
30459,1
67423,0
19011,0
59844,0
39852,0
7459,0
64960,0
65918,0
56364,0
52667,0
33726,0
19486,0
75077,0
77307,0
75850,0
97157,0
59581,0
14237,0
74727,0
4426,0
3723,0
28902,0
27611,0
64250,0
64804,0
77558,0
3740,1
74484,0
7440,0
11873,0
66371,0
56731,1
42343,0
64070,0
36399,0
23254,0
48098,0
71011,0
23409,1
52932,0
15555,1
72021,0
20080,0
53324,0
69818,0
30559,0
45814,0
95228,0
67083,0
34661,1
8070,0
88835,1
80470,0
82923,0
33759,0
36935,0
61600,0
63820,0
37707,0
47921,0
52051,0
34552,0
65956,0
66220,0
91973,0
40577,0
96442,0
48401,0
62746,0
30225,1
3245,0
81081,0
68761,0
99815,0
3575,1
95155,0
37395,1
88680,1
54537,0
15397,1
66057,1
89751,0
7292,0
48161,0
80549,0
94281,0
99119,1
17040,0
77206,1
55064,0
79081,1
33475,0
31831,0
3848,0
38651,0
14598,0
39613,0
25635,0
6440,0
83467,0
67834,1
7844,0
26240,0
63814,0
7637,0
43153,0
35947,0
44051,0
3284,0
66801,0
57632,0
69369,0
96424,1
92832,0
53775,0
80175,1
97732,0
1806,1
93716,0
91167,1
97663,0
36057,0
67272,0
33482,1
65299,0
2372,0
10335,0
51513,0
68797,0
30872,0
46565,1
12502,0
62085,0
43137,0
4475,0
84805,0
4303,0
53545,0
39417,1
36874,0
92556,0
70176,0
66272,0
7359,0
91902,0
74938,0
23143,0
98848,0
50129,0
38090,0
52132,0
1501,0
53951,0
71877,0
33972,1
37833,0
43194,0
35936,0
42071,0
64525,0
57183,0
86894,1
66396,0
41969,0
91736,0
51060,0
14021,0
64310,0
36571,0
30568,0
6767,0
94851,0
31625,1
19177,0
5737,0
83388,0
75761,0
6812,0
4088,1
8452,0
24614,0
402,0
35323,0
60440,1
87953,0
77402,0
79319,0
2259,1
94365,0
71482,1
65539,0
26848,0
17194,0
46580,0
5951,0
74596,0
96736,0
59290,0
67332,0
57778,0
50564,0
7243,0
8907,0
20697,0
42396,0
26423,0
4792,0
70659,0
13479,0
88110,1
62117,0
59730,0
76089,0
92204,0
643,0
6481,0
96695,1
70658,0
83092,0
43306,0
11380,0
39911,0
24953,0
57521,0
56257,0
18536,0
61478,0
41814,1
72652,0
72241,0
25450,0
69630,0
75069,1
80747,1
16448,0
14496,1
42628,0
82656,1
8615,0
88948,0
21868,0
88964,0
81550,0
49922,1
54173,0
54844,1
2067,0
71370,0
84589,0
62009,0
31703,0
69294,1
6557,1
5333,0
32469,1
2244,0
28443,0
12793,1
74696,0
1245,0
2526,0
919,0
35345,0
79450,0
34538,0
10466,0
69553,0
19530,0
85985,0
6675,0
41808,0
59372,0
72276,0
69254,1
7650,0
86954,0
61765,0
70558,0
58473,0
10349,1
818,1
32590,0
49927,1
36580,1
42639,0
53105,0
53842,0
1681,0
30822,1
79549,1
2250,0
15230,0
8354,0
95203,0
19441,0
77403,0
73059,0
91049,0
52811,0
14227,1
53884,0
48967,0
59813,0
1597,1
75497,0
31264,0
98272,0
40764,0
63356,0
43182,1
28199,0
31274,0
70195,0
41131,0
8441,0
53130,0
58302,1
42486,0
59867,0
80544,0
32427,0
15462,0
16888,0
41078,0
79830,0
89761,0
51249,0
14301,1
82949,0
81383,1
17377,0
35092,0
11505,0
61375,1
38657,0
55483,0
94945,1
22487,0
27482,1
13061,0
92524,0
44156,0
61484,0
30131,0
46815,1
80471,0
27798,0
29543,0
82241,0
94326,1
9872,0
26463,0
58572,0
5729,0
27017,0
42503,0
20350,0
86306,0
89641,0
18371,0
53969,0
82951,0
16129,0
44810,0
43553,1
87641,0
30073,0
63776,0
93783,0
70733,0
6668,0
6061,1
72389,0
55776,0
26341,0
88847,1
4977,0
30358,1
52218,0
1832,0
73879,0
19535,0
68636,0
52342,0
74297,0
79946,0
92992,0
94298,0
84174,0
35284,0
18880,0
16399,0
79168,0
94006,0
40670,0
42116,0
19192,0
15558,0
31700,0
81158,0
44910,0
2122,0
18460,0
1720,0
72077,1
21139,0
62272,0
88604,0
56214,0
12158,0
21808,0
51113,1
25696,1
71343,0
14980,0
7034,0
58387,0
93608,0
14734,0
93176,0
54199,0
37477,0
41358,0
34665,0
37669,0
11820,0
56982,1
69908,1
53944,0
73801,1
1363,0
58635,0
9078,0
52550,0
48143,0
391,1
97995,0
91295,0
23105,0
2420,0
21727,0
85765,0
94502,0
36299,0
72750,1
11697,0
91957,0
39499,0
84705,0
65384,1
95484,1
91104,0
15811,1
30176,0
30391,1
81134,0
69098,0
80974,1
59518,0
39589,0
2534,0
97998,1
59075,0
37641,0
49374,0
66121,0
47200,0
31539,0
11457,0
45826,1
52184,0
87683,0
74368,0
6047,1
62246,0
75581,1
74212,0
17935,1
75865,0
17370,0
52544,0
39697,0
16041,0
64130,1
9162,0
88920,0
61405,0
54165,0
91886,0
57905,0
47125,0
13675,0
32650,0
81928,0
91608,0
26184,1
45930,0
94595,0
22042,1
55724,0
39138,0
75132,1
66962,0
47749,0
54428,0
79949,0
13281,1
66907,0
69813,0
69120,0
61494,0
98935,0
57310,1
95800,0
78574,0
14183,0
83204,0
74579,0
26271,0
73249,0
7085,0
80516,0
27710,0
28622,0
69751,0
76596,0
65591,0
67883,0
4774,0
83736,0
65716,0
25063,0
25695,0
8423,0
95415,0
99490,1
50102,0
97860,0
58386,0
52581,0
60673,0
99715,0
48424,0
22143,1
2141,0
8224,0
80766,0
74550,1
83118,0
88000,0
47611,0
85831,1
9927,0
81508,0
77361,0
26945,0
60941,0
27190,0
95554,0
42087,0
9096,0
77488,0
51687,0
69133,0
61026,0
1513,0
1680,1
88147,1
48999,0
47814,0
6616,0
67515,0
57448,0
59044,0
95968,0
90247,0
93320,0
13562,1
25172,0
31350,0
12009,0
78668,0
84128,0
97260,0
32532,0
70522,1
16738,0
48582,0
95595,0
23973,0
48026,0
64663,0
10546,1
21737,0
32851,1
53056,0
55497,0
25939,0
33551,0
95661,1
79202,0
20019,0
92546,0
50229,0
15076,0
73256,0
80315,1
41564,1
35469,1
48429,0
23202,0
91128,0
80422,0
6783,0
72402,0
20044,1
77674,0
65425,1
67987,0
79140,1
31256,0
25706,0
16207,1
74945,0
51062,1
47521,0
34856,0
69785,0
35012,0
46348,0
39853,0
2092,0
87625,0
3805,0
79337,0
29142,0
38284,1
43033,0
33663,0
87834,0
40970,0
40856,0
32968,0
81731,0
43152,1
18623,0
97825,1
997,1
24051,0
83328,0
27283,0
6165,0
57109,0
35850,0
74027,1
45973,0
72721,0
44130,0
64867,0
5705,0
90605,0
16192,0
56701,0
49288,0
12868,0
24070,0
38013,0
81726,1
31580,1
24196,0
1121,0
40774,1
47031,0
20782,0
34298,0
12819,1
33561,0
14835,1
58685,0
33289,0
60567,0
26858,0
12704,0
92571,0
27251,0
61547,1
91594,1
18636,0
78513,0
85575,0
28049,0
97448,0
71995,0
21422,0
65269,0
4366,0
40335,0
53234,0
21057,0
24713,1
77446,0
84159,0
70181,0
11246,0
44945,0
67017,1
23155,0
34249,0
73916,0
90550,0
29545,0
42846,0
94322,0
36875,0
15515,0
56613,0
35941,0
55957,1
42547,0
98968,0
22432,0
41097,0
2854,0
49292,0
53799,0
49628,0
56350,0
69905,0
1800,0
53819,0
67181,0
87137,0
10420,0
56812,0
20339,0
57319,0
61412,0
21954,0
10809,0
2475,0
73389,1
53976,0
24322,0
21151,0
49455,0
7708,1
37447,0
25633,0
704,1
13674,1
13601,1
5640,0
82339,0
6967,0
52072,0
879,0
10611,0
39917,1
973,1
98163,0
12272,0
20974,1
45206,1
92273,0
68582,0
30310,0
10667,0
27226,0
15417,0
61935,0
83274,0
16219,0
4304,0
54177,0
58981,1
23158,0
7528,1
15563,0
73608,0
22074,0
78297,0
31825,0
25590,0
26103,0
89703,0
91589,0
79754,0
57679,0
45704,0
91489,0
25850,0
89886,0
29697,1
18913,0
30531,0
76134,0
70784,0
55668,0
23728,0
12811,0
7402,1
76837,0
62409,1
38489,0
9564,0
99216,0
54915,0
32424,1
80163,0
80567,0
59912,0
11690,0
89905,0
68163,0
39887,0
29721,0
32088,1
37895,0
1303,1
25287,0
3702,0
76012,0
38906,0
84376,0
39106,0
71205,0
34549,0
17965,0
72458,0
90067,0
42276,0
41031,0
80681,0
34070,0
87561,0
39065,0
5568,1
1237,1
15626,0
49692,0
46277,0
91165,0
14106,0
78759,0
69540,0
40312,1
87751,0
77976,0
76352,0
23590,0
45322,0
26712,0
67736,0
86034,0
33192,0
91541,0
94352,0
56548,0
41628,0
25318,0
56529,0
65841,0
2593,0
61184,0
29617,0
81126,0
72309,0
37690,0
18841,1
93332,1
18817,1
35115,0
80223,0
65354,0
84681,1
91552,0
32709,1
71202,0
77405,1
92652,0
66283,0
81670,0
19459,0
84979,0
33336,0
91723,1
75018,0
36603,1
82437,1
46421,0
30645,0
75945,0
40316,0
85488,0
16944,0
81435,0
21069,0
16821,0
74999,0
84856,0
30467,0
53561,0
29932,0
57318,0
47009,0
1256,0
63338,0
52684,0
29841,0
30497,1
45292,0
66078,0
93952,0
35028,0
1239,0
97796,0
93969,1
93467,0
24406,0
29784,0
42233,0
9896,1
58045,0
11995,0
48749,1
33076,1
65867,0
24642,0
83689,1
2405,1
46069,1
27991,0
16043,1
42658,0
66496,0
61780,0
92298,0
75182,0
12046,1
85009,0
49265,0
43217,0
81773,0
94197,0
60814,0
17354,0
10479,0
98951,0
63233,0
29032,1
51995,1
95556,0
59195,0
93539,0
43895,0
50632,0
2778,0
98503,0
74346,0
8910,0
20637,1
30542,0
91465,0
46256,0
63678,0
76273,0
56952,0
20672,0
40468,0
54556,0
44857,0
71090,0
94854,0
9593,0
77576,0
74119,0
75891,1
33099,1
24545,1
75122,0
33648,0
19076,0
2290,0
39193,1
57173,0
31473,0
28571,0
36616,0
28894,0
60071,0
12603,0
41982,0
34375,0
42903,0
33467,0
64128,0
83414,0
58867,0
55285,0
90947,1
28479,1
7145,0
51709,0
63187,0
84369,0
86021,0
29553,0
89115,1
61618,0
54569,0
43318,0
39328,1
89864,0
37161,0
43751,1
87083,0
95351,0
86863,0
38246,0
62569,0
1164,0
58273,0
2207,0
82847,0
73583,0
92931,0
69226,0
90038,0
2944,0
42361,1
29890,0
19300,0
19687,0
24812,0
47208,0
47594,1
48816,0
82515,0
76382,0
61558,0
39347,0
33066,0
46948,0
99412,0
91232,0
10480,0
93934,1
91412,0
19888,0
94149,0
34077,0
36679,1
71555,0
89669,0
2668,0
64786,1
54138,0
37963,1
79726,0
9795,0
3984,0
9747,0
52683,0
50517,0
21124,0
82936,0
70657,0
88500,1
82527,0
30016,0
90760,0
22046,0
25742,1
9391,0
46252,1
65207,1
78755,0
87941,0
43434,0
89702,0
76470,0
52593,0
94417,0
25880,0
26863,0
42158,0
50657,0
18090,0
28591,0
29661,0
73816,0
85174,0
19398,0
66908,0
48440,0
81514,0
61134,0
90081,0
44180,0
3906,0
57777,0
288,0
82831,0
8622,0
31481,0
9814,0
86761,1
41705,0
55893,0
19041,0
50045,0
68115,0
49605,0
89316,1
54961,0
97725,0
46017,0
34532,0
33181,0
80760,0
33091,0
97750,0
93208,0
23742,1
34422,0
61151,0
63685,0
77257,0
48053,1
56661,0
37508,1
61413,0
16997,0
79462,0
69851,0
12277,0
91851,0
92719,0
22184,0
82105,0
21820,0
46643,0
55565,0
18035,0
86286,0
85819,0
54193,0
44312,0
98001,0
30575,0
69087,0
19255,0
1416,1
31976,1
39599,0
4959,0
28167,0
438,0
10936,0
94784,0
66757,0
49136,0
72478,0
77339,0
18984,0
57936,0
7137,0
25412,0
9539,0
95400,0
6764,1
83080,0
50140,0
87326,0
93411,0
41002,1
53939,0
88036,1
43077,0
71165,0
7876,0
94356,0
87704,0
6234,1
56996,0
72376,0
29098,0
4751,0
87992,0
62122,0
45405,0
3586,0
1151,0
43110,0
73981,0
66358,1
49313,0
50006,0
36008,0
78551,0
63418,0
29281,0
5155,0
70305,1
74641,0
62533,0
24975,0
38980,0
95081,0
6208,0
73563,0
89438,0
42173,1
29884,0
20808,0
29631,0
78101,1
88136,0
37140,0
39932,0
44500,0
24821,0
57606,0
69403,1
97949,0
83166,0
81280,0
30329,0
99972,0
87914,0
78615,0
24541,0
85800,0
7396,0
20915,0
41466,0
79614,0
68187,1
35326,0
57103,0
22702,0
17769,0
85903,1
19018,0
45335,1
61277,0
81258,0
27697,0
84099,0
94463,0
26873,0
34281,0
1068,0
75393,0
96696,0
97866,0
74009,0
37705,1
57202,1
35334,0
4043,0
90061,0
34928,1
98350,0
51976,0
55321,0
33689,0
75441,0
50061,0
99134,0
21210,0
69575,0
99745,0
33884,0
37839,0
50859,0
46726,0
49617,0
61209,0
51886,0
4482,0
90456,0
90163,0
86917,1
47809,0
95527,0
89393,0
72500,0
42925,0
46408,0
54130,0
14570,0
49950,0
91093,0
30790,0
52920,0
77349,0
6738,0
27941,0
97210,0
61078,0
23231,1
61123,0
31770,0
46978,0
30105,0
12681,0
67275,1
95079,0
78485,1
31185,0
14565,0
91861,0
19244,1
91850,0
26575,0
76009,0
97359,1
91402,0
74068,0
73580,0
94817,0
7737,1
53264,0
98810,0
26091,0
15457,0
72287,0
93439,1
41905,0
87379,0
41957,0
57666,0
25567,0
77545,0
80129,0
24771,0
18826,0
8136,0
54564,0
40090,0
72840,0
20124,1
59197,1
14778,0
94633,0
16989,0
19524,1
26383,0
5329,0
61164,0
74680,0
15056,0
16273,0
51493,0
84233,1
60514,0
20249,0
93809,0
98376,0
53151,0
58065,0
16470,0
11974,0
36736,0
31791,0
22009,1
14531,0
45111,0
99114,0
7691,0
57475,1
72495,0
96787,0
58963,0
4253,1
22222,0
78580,0
55570,0
